ticket_id,customer_id,order_id,ticket_date,resolution_cost
TKT-00001,CUST-0003,ORD-000016,2023-05-09 00:00:00,150.0
TKT-00002,CUST-0003,ORD-000019,2023-07-10 00:00:00,150.0
TKT-00003,CUST-0003,ORD-000030,2024-03-16 00:00:00,150.0
TKT-00004,CUST-0005,ORD-000073,2022-04-16 00:00:00,150.0
TKT-00005,CUST-0005,ORD-000080,2022-07-09 00:00:00,150.0
TKT-00006,CUST-0005,ORD-000086,2022-10-06 00:00:00,150.0
TKT-00007,CUST-0005,ORD-000099,2023-03-20 00:00:00,150.0
TKT-00008,CUST-0005,ORD-000103,2023-05-08 00:00:00,150.0
TKT-00009,CUST-0006,ORD-000140,2022-11-07 00:00:00,400.0
TKT-00010,CUST-0006,ORD-000202,2024-02-11 00:00:00,400.0
TKT-00011,CUST-0007,ORD-000229,2022-10-15 00:00:00,150.0
TKT-00012,CUST-0007,ORD-000238,2023-05-05 00:00:00,150.0
TKT-00013,CUST-0007,ORD-000248,2023-12-12 00:00:00,400.0
TKT-00014,CUST-0009,ORD-000281,2023-03-11 00:00:00,150.0
TKT-00015,CUST-0009,ORD-000282,2023-03-30 00:00:00,150.0
TKT-00016,CUST-0009,ORD-000284,2023-05-07 00:00:00,400.0
TKT-00017,CUST-0009,ORD-000286,2023-06-24 00:00:00,150.0
TKT-00018,CUST-0009,ORD-000295,2023-12-21 00:00:00,150.0
TKT-00019,CUST-0009,ORD-000296,2024-01-07 00:00:00,150.0
TKT-00020,CUST-0009,ORD-000298,2024-02-19 00:00:00,400.0
TKT-00021,CUST-0009,ORD-000299,2024-03-18 00:00:00,400.0
TKT-00022,CUST-0009,ORD-000300,2024-04-05 00:00:00,150.0
TKT-00023,CUST-0010,ORD-000316,2023-06-06 00:00:00,150.0
TKT-00024,CUST-0010,ORD-000319,2024-03-01 00:00:00,150.0
TKT-00025,CUST-0016,ORD-000394,2023-09-17 00:00:00,150.0
TKT-00026,CUST-0017,ORD-000399,2022-10-22 00:00:00,400.0
TKT-00027,CUST-0017,ORD-000400,2022-11-04 00:00:00,150.0
TKT-00028,CUST-0017,ORD-000403,2022-12-28 00:00:00,150.0
TKT-00029,CUST-0017,ORD-000408,2023-03-12 00:00:00,150.0
TKT-00030,CUST-0017,ORD-000409,2023-03-29 00:00:00,150.0
TKT-00031,CUST-0017,ORD-000410,2023-04-13 00:00:00,150.0
TKT-00032,CUST-0017,ORD-000411,2023-04-29 00:00:00,150.0
TKT-00033,CUST-0017,ORD-000434,2024-05-01 00:00:00,400.0
TKT-00034,CUST-0017,ORD-000435,2024-05-24 00:00:00,150.0
TKT-00035,CUST-0018,ORD-000441,2023-03-30 00:00:00,150.0
TKT-00036,CUST-0018,ORD-000446,2023-12-11 00:00:00,400.0
TKT-00037,CUST-0019,ORD-000456,2022-08-21 00:00:00,150.0
TKT-00038,CUST-0019,ORD-000458,2022-11-13 00:00:00,150.0
TKT-00039,CUST-0019,ORD-000461,2023-04-10 00:00:00,400.0
TKT-00040,CUST-0019,ORD-000462,2023-06-08 00:00:00,400.0
TKT-00041,CUST-0019,ORD-000465,2023-10-04 00:00:00,400.0
TKT-00042,CUST-0019,ORD-000469,2024-03-22 00:00:00,150.0
TKT-00043,CUST-0019,ORD-000471,2024-05-31 00:00:00,150.0
TKT-00044,CUST-0020,ORD-000476,2022-08-27 00:00:00,150.0
TKT-00045,CUST-0020,ORD-000480,2023-02-10 00:00:00,150.0
TKT-00046,CUST-0020,ORD-000484,2023-07-21 00:00:00,150.0
TKT-00047,CUST-0020,ORD-000485,2023-08-29 00:00:00,150.0
TKT-00048,CUST-0021,ORD-000495,2023-01-01 00:00:00,150.0
TKT-00049,CUST-0021,ORD-000496,2023-01-29 00:00:00,400.0
TKT-00050,CUST-0021,ORD-000498,2023-04-03 00:00:00,150.0
TKT-00051,CUST-0021,ORD-000511,2024-04-01 00:00:00,400.0
TKT-00052,CUST-0021,ORD-000512,2024-04-19 00:00:00,150.0
TKT-00053,CUST-0024,ORD-000558,2023-03-15 00:00:00,150.0
TKT-00054,CUST-0024,ORD-000560,2023-05-05 00:00:00,150.0
TKT-00055,CUST-0024,ORD-000567,2023-10-14 00:00:00,150.0
TKT-00056,CUST-0024,ORD-000569,2023-11-29 00:00:00,150.0
TKT-00057,CUST-0025,ORD-000580,2023-07-14 00:00:00,150.0
TKT-00058,CUST-0025,ORD-000581,2023-09-09 00:00:00,150.0
TKT-00059,CUST-0025,ORD-000584,2024-06-29 00:00:00,150.0
TKT-00060,CUST-0026,ORD-000589,2022-11-17 00:00:00,150.0
TKT-00061,CUST-0026,ORD-000591,2023-04-27 00:00:00,150.0
TKT-00062,CUST-0026,ORD-000592,2023-09-14 00:00:00,150.0
TKT-00063,CUST-0027,ORD-000595,2022-04-30 00:00:00,150.0
TKT-00064,CUST-0029,ORD-000664,2022-06-23 00:00:00,400.0
TKT-00065,CUST-0029,ORD-000676,2023-03-26 00:00:00,150.0
TKT-00066,CUST-0029,ORD-000692,2024-04-20 00:00:00,150.0
TKT-00067,CUST-0031,ORD-000701,2023-02-23 00:00:00,150.0
TKT-00068,CUST-0031,ORD-000712,2023-05-02 00:00:00,150.0
TKT-00069,CUST-0031,ORD-000715,2023-05-24 00:00:00,
TKT-00070,CUST-0031,ORD-000725,2023-08-03 00:00:00,150.0
TKT-00071,CUST-0031,ORD-000730,2023-09-07 00:00:00,400.0
TKT-00072,CUST-0031,ORD-000759,2024-03-13 00:00:00,150.0
TKT-00073,CUST-0031,ORD-000765,2024-04-26 00:00:00,150.0
TKT-00074,CUST-0032,ORD-000788,2024-02-24 00:00:00,400.0
TKT-00075,CUST-0033,ORD-000796,2023-01-30 00:00:00,150.0
TKT-00076,CUST-0035,ORD-000830,2023-05-10 00:00:00,400.0
TKT-00077,CUST-0035,ORD-000834,2023-09-12 00:00:00,400.0
TKT-00078,CUST-0035,ORD-000835,2023-10-12 00:00:00,150.0
TKT-00079,CUST-0035,ORD-000837,2023-12-23 00:00:00,150.0
TKT-00080,CUST-0035,ORD-000839,2024-03-08 00:00:00,150.0
TKT-00081,CUST-0036,ORD-000858,2023-05-07 00:00:00,
TKT-00082,CUST-0036,ORD-000859,2023-05-31 00:00:00,150.0
TKT-00083,CUST-0036,ORD-000866,2023-10-26 00:00:00,150.0
TKT-00084,CUST-0036,ORD-000868,2023-12-10 00:00:00,150.0
TKT-00085,CUST-0036,ORD-000871,2024-02-26 00:00:00,150.0
TKT-00086,CUST-0037,ORD-000878,2022-03-02 00:00:00,150.0
TKT-00087,CUST-0037,ORD-000880,2022-03-20 00:00:00,400.0
TKT-00088,CUST-0037,ORD-000883,2022-04-25 00:00:00,400.0
TKT-00089,CUST-0037,ORD-000895,2023-11-27 00:00:00,150.0
TKT-00090,CUST-0038,ORD-000897,2023-05-25 00:00:00,150.0
TKT-00091,CUST-0039,ORD-000909,2022-09-29 00:00:00,400.0
TKT-00092,CUST-0039,ORD-000914,2023-03-07 00:00:00,150.0
TKT-00093,CUST-0039,ORD-000915,2023-04-27 00:00:00,150.0
TKT-00094,CUST-0040,ORD-000926,2022-09-20 00:00:00,150.0
TKT-00095,CUST-0040,ORD-000928,2022-10-11 00:00:00,150.0
TKT-00096,CUST-0040,ORD-000930,2022-11-08 00:00:00,400.0
TKT-00097,CUST-0040,ORD-000933,2022-12-10 00:00:00,150.0
TKT-00098,CUST-0040,ORD-000942,2023-03-11 00:00:00,150.0
TKT-00099,CUST-0040,ORD-000943,2023-03-25 00:00:00,150.0
TKT-00100,CUST-0040,ORD-000945,2023-04-10 00:00:00,150.0
TKT-00101,CUST-0040,ORD-000946,2023-04-20 00:00:00,150.0
TKT-00102,CUST-0040,ORD-000954,2023-07-29 00:00:00,150.0
TKT-00103,CUST-0040,ORD-000958,2023-09-07 00:00:00,150.0
TKT-00104,CUST-0040,ORD-000959,2023-09-20 00:00:00,150.0
TKT-00105,CUST-0040,ORD-000964,2023-11-08 00:00:00,150.0
TKT-00106,CUST-0040,ORD-000968,2023-12-26 00:00:00,150.0
TKT-00107,CUST-0040,ORD-000972,2024-02-15 00:00:00,150.0
TKT-00108,CUST-0040,ORD-000973,2024-02-27 00:00:00,400.0
TKT-00109,CUST-0040,ORD-000976,2024-04-02 00:00:00,150.0
TKT-00110,CUST-0040,ORD-000978,2024-04-27 00:00:00,150.0
TKT-00111,CUST-0040,ORD-000980,2024-05-16 00:00:00,150.0
TKT-00112,CUST-0040,ORD-000981,2024-05-29 00:00:00,
TKT-00113,CUST-0041,ORD-000991,2023-11-27 00:00:00,150.0
TKT-00114,CUST-0042,ORD-000998,2022-07-19 00:00:00,150.0
TKT-00115,CUST-0042,ORD-001014,2022-12-18 00:00:00,150.0
TKT-00116,CUST-0042,ORD-001033,2023-06-15 00:00:00,
TKT-00117,CUST-0042,ORD-001035,2023-07-07 00:00:00,150.0
TKT-00118,CUST-0042,ORD-001039,2023-08-11 00:00:00,150.0
TKT-00119,CUST-0042,ORD-001042,2023-09-03 00:00:00,150.0
TKT-00120,CUST-0042,ORD-001044,2023-09-21 00:00:00,400.0
TKT-00121,CUST-0042,ORD-001046,2023-10-11 00:00:00,400.0
TKT-00122,CUST-0042,ORD-001062,2024-03-06 00:00:00,400.0
TKT-00123,CUST-0042,ORD-001068,2024-05-01 00:00:00,150.0
TKT-00124,CUST-0042,ORD-001070,2024-05-17 00:00:00,150.0
TKT-00125,CUST-0042,ORD-001075,2024-07-04 00:00:00,150.0
TKT-00126,CUST-0046,ORD-001109,2023-12-29 00:00:00,150.0
TKT-00127,CUST-0046,ORD-001113,2024-04-28 00:00:00,400.0
TKT-00128,CUST-0048,ORD-001130,2023-03-02 00:00:00,150.0
TKT-00129,CUST-0048,ORD-001135,2023-08-31 00:00:00,400.0
TKT-00130,CUST-0048,ORD-001139,2024-02-15 00:00:00,150.0
TKT-00131,CUST-0048,ORD-001141,2024-04-24 00:00:00,150.0
TKT-00132,CUST-0049,ORD-001147,2023-04-03 00:00:00,150.0
TKT-00133,CUST-0049,ORD-001156,2023-12-07 00:00:00,150.0
TKT-00134,CUST-0050,ORD-001167,2022-05-10 00:00:00,150.0
TKT-00135,CUST-0050,ORD-001170,2022-06-28 00:00:00,150.0
TKT-00136,CUST-0050,ORD-001201,2023-11-26 00:00:00,150.0
TKT-00137,CUST-0050,ORD-001208,2024-03-27 00:00:00,150.0
TKT-00138,CUST-0053,ORD-001242,2022-12-30 00:00:00,150.0
TKT-00139,CUST-0054,ORD-001245,2023-04-18 00:00:00,150.0
TKT-00140,CUST-0054,ORD-001247,2023-05-08 00:00:00,150.0
TKT-00141,CUST-0054,ORD-001251,2023-06-17 00:00:00,150.0
TKT-00142,CUST-0054,ORD-001279,2024-04-13 00:00:00,400.0
TKT-00143,CUST-0054,ORD-001281,2024-04-30 00:00:00,150.0
TKT-00144,CUST-0056,ORD-001297,2023-06-13 00:00:00,
TKT-00145,CUST-0056,ORD-001307,2024-06-02 00:00:00,150.0
TKT-00146,CUST-0057,ORD-001313,2023-04-27 00:00:00,
TKT-00147,CUST-0057,ORD-001314,2023-08-03 00:00:00,150.0
TKT-00148,CUST-0058,ORD-001316,2022-09-06 00:00:00,150.0
TKT-00149,CUST-0058,ORD-001317,2023-01-14 00:00:00,400.0
TKT-00150,CUST-0059,ORD-001321,2023-03-04 00:00:00,150.0
TKT-00151,CUST-0059,ORD-001322,2023-03-24 00:00:00,150.0
TKT-00152,CUST-0059,ORD-001323,2023-04-24 00:00:00,150.0
TKT-00153,CUST-0059,ORD-001324,2023-05-08 00:00:00,150.0
TKT-00154,CUST-0059,ORD-001326,2023-07-10 00:00:00,400.0
TKT-00155,CUST-0059,ORD-001337,2024-03-30 00:00:00,150.0
TKT-00156,CUST-0059,ORD-001338,2024-04-20 00:00:00,150.0
TKT-00157,CUST-0060,ORD-001354,2024-02-23 00:00:00,150.0
TKT-00158,CUST-0060,ORD-001357,2024-05-28 00:00:00,
TKT-00159,CUST-0062,ORD-001381,2024-01-03 00:00:00,150.0
TKT-00160,CUST-0062,ORD-001382,2024-02-12 00:00:00,150.0
TKT-00161,CUST-0062,ORD-001384,2024-05-02 00:00:00,150.0
TKT-00162,CUST-0063,ORD-001386,2022-09-06 00:00:00,150.0
TKT-00163,CUST-0063,ORD-001389,2022-11-01 00:00:00,150.0
TKT-00164,CUST-0063,ORD-001397,2023-03-09 00:00:00,150.0
TKT-00165,CUST-0063,ORD-001405,2023-08-04 00:00:00,150.0
TKT-00166,CUST-0063,ORD-001412,2023-12-06 00:00:00,150.0
TKT-00167,CUST-0063,ORD-001414,2024-01-17 00:00:00,150.0
TKT-00168,CUST-0063,ORD-001416,2024-02-22 00:00:00,150.0
TKT-00169,CUST-0064,ORD-001426,2022-05-25 00:00:00,150.0
TKT-00170,CUST-0065,ORD-001430,2022-11-01 00:00:00,150.0
TKT-00171,CUST-0065,ORD-001455,2023-04-02 00:00:00,150.0
TKT-00172,CUST-0065,ORD-001466,2023-06-15 00:00:00,
TKT-00173,CUST-0065,ORD-001476,2023-08-16 00:00:00,150.0
TKT-00174,CUST-0065,ORD-001511,2024-03-18 00:00:00,150.0
TKT-00175,CUST-0065,ORD-001518,2024-05-03 00:00:00,150.0
TKT-00176,CUST-0065,ORD-001519,2024-05-10 00:00:00,150.0
TKT-00177,CUST-0066,ORD-001530,2022-12-11 00:00:00,150.0
TKT-00178,CUST-0066,ORD-001531,2023-01-12 00:00:00,150.0
TKT-00179,CUST-0068,ORD-001557,2023-08-03 00:00:00,400.0
TKT-00180,CUST-0069,ORD-001575,2023-06-21 00:00:00,150.0
TKT-00181,CUST-0069,ORD-001582,2023-08-11 00:00:00,150.0
TKT-00182,CUST-0069,ORD-001589,2023-09-20 00:00:00,150.0
TKT-00183,CUST-0069,ORD-001590,2023-09-27 00:00:00,150.0
TKT-00184,CUST-0069,ORD-001596,2023-11-03 00:00:00,150.0
TKT-00185,CUST-0069,ORD-001607,2024-01-08 00:00:00,150.0
TKT-00186,CUST-0070,ORD-001655,2023-06-14 00:00:00,150.0
TKT-00187,CUST-0070,ORD-001662,2023-10-17 00:00:00,150.0
TKT-00188,CUST-0071,ORD-001724,2024-01-20 00:00:00,150.0
TKT-00189,CUST-0072,ORD-001757,2023-04-17 00:00:00,150.0
TKT-00190,CUST-0072,ORD-001769,2023-08-23 00:00:00,400.0
TKT-00191,CUST-0072,ORD-001772,2023-09-15 00:00:00,150.0
TKT-00192,CUST-0072,ORD-001784,2024-01-22 00:00:00,150.0
TKT-00193,CUST-0072,ORD-001789,2024-03-07 00:00:00,150.0
TKT-00194,CUST-0072,ORD-001790,2024-03-14 00:00:00,150.0
TKT-00195,CUST-0074,ORD-001807,2023-04-29 00:00:00,150.0
TKT-00196,CUST-0075,ORD-001833,2023-12-05 00:00:00,150.0
TKT-00197,CUST-0075,ORD-001834,2023-12-30 00:00:00,150.0
TKT-00198,CUST-0076,ORD-001843,2023-06-18 00:00:00,150.0
TKT-00199,CUST-0076,ORD-001849,2023-08-20 00:00:00,150.0
TKT-00200,CUST-0076,ORD-001853,2023-09-22 00:00:00,400.0
TKT-00201,CUST-0076,ORD-001855,2023-10-16 00:00:00,400.0
TKT-00202,CUST-0076,ORD-001856,2023-10-30 00:00:00,150.0
TKT-00203,CUST-0076,ORD-001863,2024-01-02 00:00:00,150.0
TKT-00204,CUST-0076,ORD-001868,2024-02-22 00:00:00,150.0
TKT-00205,CUST-0076,ORD-001873,2024-04-16 00:00:00,150.0
TKT-00206,CUST-0078,ORD-001888,2022-05-28 00:00:00,150.0
TKT-00207,CUST-0078,ORD-001892,2022-11-09 00:00:00,400.0
TKT-00208,CUST-0081,ORD-001925,2022-06-07 00:00:00,150.0
TKT-00209,CUST-0081,ORD-001930,2022-11-11 00:00:00,400.0
TKT-00210,CUST-0081,ORD-001931,2022-12-05 00:00:00,150.0
TKT-00211,CUST-0081,ORD-001933,2023-02-06 00:00:00,150.0
TKT-00212,CUST-0081,ORD-001942,2023-09-14 00:00:00,150.0
TKT-00213,CUST-0081,ORD-001943,2023-10-15 00:00:00,150.0
TKT-00214,CUST-0082,ORD-001954,2022-10-05 00:00:00,150.0
TKT-00215,CUST-0082,ORD-001955,2022-11-02 00:00:00,400.0
TKT-00216,CUST-0082,ORD-001956,2022-12-06 00:00:00,150.0
TKT-00217,CUST-0082,ORD-001958,2023-02-19 00:00:00,
TKT-00218,CUST-0082,ORD-001962,2023-11-20 00:00:00,150.0
TKT-00219,CUST-0082,ORD-001963,2024-02-24 00:00:00,150.0
TKT-00220,CUST-0085,ORD-001983,2022-07-31 00:00:00,150.0
TKT-00221,CUST-0085,ORD-001987,2022-11-19 00:00:00,400.0
TKT-00222,CUST-0085,ORD-001990,2023-03-02 00:00:00,400.0
TKT-00223,CUST-0085,ORD-001994,2023-07-13 00:00:00,150.0
TKT-00224,CUST-0085,ORD-002004,2024-05-16 00:00:00,150.0
TKT-00225,CUST-0085,ORD-002005,2024-06-12 00:00:00,150.0
TKT-00226,CUST-0087,ORD-002014,2023-04-17 00:00:00,150.0
TKT-00227,CUST-0087,ORD-002023,2024-03-11 00:00:00,150.0
TKT-00228,CUST-0089,ORD-002050,2023-12-16 00:00:00,
TKT-00229,CUST-0090,ORD-002060,2023-03-25 00:00:00,150.0
TKT-00230,CUST-0091,ORD-002064,2023-03-28 00:00:00,400.0
TKT-00231,CUST-0092,ORD-002088,2023-06-21 00:00:00,150.0
TKT-00232,CUST-0093,ORD-002146,2023-07-16 00:00:00,150.0
TKT-00233,CUST-0098,ORD-002197,2024-05-03 00:00:00,400.0
TKT-00234,CUST-0101,ORD-002255,2024-03-27 00:00:00,150.0
TKT-00235,CUST-0104,ORD-002282,2022-08-29 00:00:00,400.0
TKT-00236,CUST-0105,ORD-002294,2022-09-26 00:00:00,400.0
TKT-00237,CUST-0105,ORD-002299,2022-10-29 00:00:00,400.0
TKT-00238,CUST-0105,ORD-002303,2022-11-23 00:00:00,400.0
TKT-00239,CUST-0105,ORD-002306,2022-12-11 00:00:00,400.0
TKT-00240,CUST-0105,ORD-002311,2023-01-15 00:00:00,150.0
TKT-00241,CUST-0105,ORD-002320,2023-03-17 00:00:00,150.0
TKT-00242,CUST-0105,ORD-002327,2023-05-06 00:00:00,
TKT-00243,CUST-0105,ORD-002338,2023-07-21 00:00:00,400.0
TKT-00244,CUST-0105,ORD-002349,2023-10-08 00:00:00,150.0
TKT-00245,CUST-0105,ORD-002360,2023-12-28 00:00:00,400.0
TKT-00246,CUST-0105,ORD-002375,2024-03-28 00:00:00,150.0
TKT-00247,CUST-0105,ORD-002377,2024-04-11 00:00:00,150.0
TKT-00248,CUST-0105,ORD-002382,2024-05-15 00:00:00,150.0
TKT-00249,CUST-0105,ORD-002386,2024-06-12 00:00:00,150.0
TKT-00250,CUST-0106,ORD-002390,2022-06-25 00:00:00,400.0
TKT-00251,CUST-0106,ORD-002393,2023-01-09 00:00:00,150.0
TKT-00252,CUST-0107,ORD-002398,2022-10-07 00:00:00,150.0
TKT-00253,CUST-0107,ORD-002403,2023-03-16 00:00:00,150.0
TKT-00254,CUST-0107,ORD-002407,2023-07-17 00:00:00,150.0
TKT-00255,CUST-0107,ORD-002410,2023-10-19 00:00:00,150.0
TKT-00256,CUST-0107,ORD-002411,2023-11-29 00:00:00,150.0
TKT-00257,CUST-0109,ORD-002427,2022-05-04 00:00:00,400.0
TKT-00258,CUST-0109,ORD-002438,2022-07-14 00:00:00,150.0
TKT-00259,CUST-0109,ORD-002440,2022-07-21 00:00:00,150.0
TKT-00260,CUST-0109,ORD-002444,2022-08-20 00:00:00,150.0
TKT-00261,CUST-0109,ORD-002450,2022-09-30 00:00:00,400.0
TKT-00262,CUST-0109,ORD-002451,2022-10-09 00:00:00,150.0
TKT-00263,CUST-0109,ORD-002457,2022-11-16 00:00:00,150.0
TKT-00264,CUST-0109,ORD-002459,2022-12-01 00:00:00,150.0
TKT-00265,CUST-0109,ORD-002466,2023-01-12 00:00:00,
TKT-00266,CUST-0109,ORD-002471,2023-02-13 00:00:00,
TKT-00267,CUST-0109,ORD-002472,2023-02-15 00:00:00,
TKT-00268,CUST-0109,ORD-002473,2023-02-28 00:00:00,150.0
TKT-00269,CUST-0109,ORD-002478,2023-03-29 00:00:00,400.0
TKT-00270,CUST-0109,ORD-002480,2023-04-08 00:00:00,150.0
TKT-00271,CUST-0109,ORD-002488,2023-05-24 00:00:00,150.0
TKT-00272,CUST-0109,ORD-002492,2023-06-18 00:00:00,
TKT-00273,CUST-0109,ORD-002505,2023-09-24 00:00:00,150.0
TKT-00274,CUST-0109,ORD-002508,2023-10-13 00:00:00,150.0
TKT-00275,CUST-0109,ORD-002513,2023-11-15 00:00:00,150.0
TKT-00276,CUST-0109,ORD-002515,2023-12-01 00:00:00,150.0
TKT-00277,CUST-0109,ORD-002517,2023-12-15 00:00:00,150.0
TKT-00278,CUST-0109,ORD-002522,2024-01-14 00:00:00,150.0
TKT-00279,CUST-0109,ORD-002527,2024-02-19 00:00:00,150.0
TKT-00280,CUST-0109,ORD-002529,2024-03-05 00:00:00,
TKT-00281,CUST-0109,ORD-002533,2024-03-31 00:00:00,150.0
TKT-00282,CUST-0109,ORD-002538,2024-05-04 00:00:00,150.0
TKT-00283,CUST-0109,ORD-002544,2024-06-11 00:00:00,150.0
TKT-00284,CUST-0109,ORD-002548,2024-06-30 00:00:00,150.0
TKT-00285,CUST-0110,ORD-002553,2022-11-13 00:00:00,150.0
TKT-00286,CUST-0111,ORD-002565,2023-12-15 00:00:00,150.0
TKT-00287,CUST-0111,ORD-002566,2024-02-10 00:00:00,150.0
TKT-00288,CUST-0112,ORD-002582,2024-05-21 00:00:00,150.0
TKT-00289,CUST-0114,ORD-002590,2022-08-19 00:00:00,150.0
TKT-00290,CUST-0116,ORD-002619,2022-11-13 00:00:00,150.0
TKT-00291,CUST-0116,ORD-002631,2023-10-26 00:00:00,150.0
TKT-00292,CUST-0116,ORD-002637,2024-04-08 00:00:00,150.0
TKT-00293,CUST-0116,ORD-002639,2024-06-02 00:00:00,150.0
TKT-00294,CUST-0117,ORD-002649,2023-02-20 00:00:00,
TKT-00295,CUST-0117,ORD-002652,2023-03-24 00:00:00,150.0
TKT-00296,CUST-0117,ORD-002657,2023-05-07 00:00:00,400.0
TKT-00297,CUST-0117,ORD-002666,2023-07-29 00:00:00,150.0
TKT-00298,CUST-0117,ORD-002680,2023-12-13 00:00:00,150.0
TKT-00299,CUST-0117,ORD-002687,2024-02-21 00:00:00,150.0
TKT-00300,CUST-0117,ORD-002700,2024-06-24 00:00:00,
TKT-00301,CUST-0118,ORD-002709,2022-08-04 00:00:00,150.0
TKT-00302,CUST-0118,ORD-002712,2022-09-24 00:00:00,150.0
TKT-00303,CUST-0118,ORD-002721,2023-01-21 00:00:00,150.0
TKT-00304,CUST-0118,ORD-002723,2023-02-15 00:00:00,150.0
TKT-00305,CUST-0118,ORD-002735,2023-08-24 00:00:00,150.0
TKT-00306,CUST-0118,ORD-002736,2023-09-04 00:00:00,150.0
TKT-00307,CUST-0118,ORD-002747,2024-01-30 00:00:00,150.0
TKT-00308,CUST-0118,ORD-002750,2024-03-09 00:00:00,400.0
TKT-00309,CUST-0118,ORD-002752,2024-04-12 00:00:00,150.0
TKT-00310,CUST-0118,ORD-002756,2024-06-04 00:00:00,150.0
TKT-00311,CUST-0118,ORD-002758,2024-07-04 00:00:00,150.0
TKT-00312,CUST-0119,ORD-002762,2022-10-31 00:00:00,150.0
TKT-00313,CUST-0119,ORD-002763,2022-11-17 00:00:00,150.0
TKT-00314,CUST-0119,ORD-002799,2024-05-18 00:00:00,150.0
TKT-00315,CUST-0119,ORD-002800,2024-06-05 00:00:00,400.0
TKT-00316,CUST-0123,ORD-002857,2022-07-18 00:00:00,150.0
TKT-00317,CUST-0124,ORD-002869,2023-01-25 00:00:00,150.0
TKT-00318,CUST-0124,ORD-002874,2023-04-23 00:00:00,150.0
TKT-00319,CUST-0128,ORD-002951,2022-04-15 00:00:00,150.0
TKT-00320,CUST-0128,ORD-002964,2024-01-14 00:00:00,150.0
TKT-00321,CUST-0129,ORD-002974,2023-03-30 00:00:00,150.0
TKT-00322,CUST-0129,ORD-002985,2024-01-23 00:00:00,150.0
TKT-00323,CUST-0129,ORD-002989,2024-05-16 00:00:00,150.0
TKT-00324,CUST-0130,ORD-003009,2024-01-08 00:00:00,150.0
TKT-00325,CUST-0133,ORD-003066,2022-08-17 00:00:00,150.0
TKT-00326,CUST-0133,ORD-003078,2023-04-11 00:00:00,400.0
TKT-00327,CUST-0133,ORD-003085,2023-09-02 00:00:00,150.0
TKT-00328,CUST-0133,ORD-003092,2024-01-20 00:00:00,150.0
TKT-00329,CUST-0133,ORD-003093,2024-02-14 00:00:00,150.0
TKT-00330,CUST-0136,ORD-003126,2023-02-07 00:00:00,150.0
TKT-00331,CUST-0136,ORD-003136,2024-03-24 00:00:00,150.0
TKT-00332,CUST-0137,ORD-003156,2023-06-12 00:00:00,150.0
TKT-00333,CUST-0137,ORD-003179,2023-11-09 00:00:00,400.0
TKT-00334,CUST-0137,ORD-003180,2023-11-16 00:00:00,150.0
TKT-00335,CUST-0137,ORD-003181,2023-11-23 00:00:00,150.0
TKT-00336,CUST-0137,ORD-003182,2023-11-29 00:00:00,150.0
TKT-00337,CUST-0137,ORD-003183,2023-12-06 00:00:00,150.0
TKT-00338,CUST-0137,ORD-003185,2023-12-17 00:00:00,
TKT-00339,CUST-0137,ORD-003187,2023-12-29 00:00:00,150.0
TKT-00340,CUST-0137,ORD-003198,2024-03-12 00:00:00,150.0
TKT-00341,CUST-0137,ORD-003200,2024-03-28 00:00:00,150.0
TKT-00342,CUST-0137,ORD-003202,2024-04-12 00:00:00,
TKT-00343,CUST-0138,ORD-003214,2023-01-24 00:00:00,
TKT-00344,CUST-0138,ORD-003221,2023-09-23 00:00:00,150.0
TKT-00345,CUST-0138,ORD-003222,2023-10-25 00:00:00,150.0
TKT-00346,CUST-0138,ORD-003225,2024-02-09 00:00:00,150.0
TKT-00347,CUST-0140,ORD-003247,2023-01-05 00:00:00,400.0
TKT-00348,CUST-0140,ORD-003259,2023-03-23 00:00:00,150.0
TKT-00349,CUST-0140,ORD-003268,2023-05-26 00:00:00,150.0
TKT-00350,CUST-0140,ORD-003270,2023-06-08 00:00:00,150.0
TKT-00351,CUST-0140,ORD-003276,2023-07-14 00:00:00,150.0
TKT-00352,CUST-0140,ORD-003290,2023-10-03 00:00:00,150.0
TKT-00353,CUST-0140,ORD-003303,2024-01-02 00:00:00,150.0
TKT-00354,CUST-0140,ORD-003306,2024-01-23 00:00:00,150.0
TKT-00355,CUST-0140,ORD-003307,2024-01-30 00:00:00,150.0
TKT-00356,CUST-0140,ORD-003309,2024-02-12 00:00:00,
TKT-00357,CUST-0140,ORD-003312,2024-03-01 00:00:00,150.0
TKT-00358,CUST-0140,ORD-003327,2024-06-08 00:00:00,150.0
TKT-00359,CUST-0140,ORD-003330,2024-06-28 00:00:00,150.0
TKT-00360,CUST-0141,ORD-003343,2022-09-30 00:00:00,150.0
TKT-00361,CUST-0141,ORD-003358,2023-05-28 00:00:00,150.0
TKT-00362,CUST-0141,ORD-003383,2024-06-21 00:00:00,150.0
TKT-00363,CUST-0142,ORD-003384,2022-10-19 00:00:00,400.0
TKT-00364,CUST-0142,ORD-003406,2024-02-09 00:00:00,
TKT-00365,CUST-0142,ORD-003408,2024-04-01 00:00:00,150.0
TKT-00366,CUST-0142,ORD-003410,2024-05-15 00:00:00,150.0
TKT-00367,CUST-0143,ORD-003424,2022-12-29 00:00:00,150.0
TKT-00368,CUST-0144,ORD-003431,2023-03-28 00:00:00,150.0
TKT-00369,CUST-0145,ORD-003460,2023-04-03 00:00:00,150.0
TKT-00370,CUST-0147,ORD-003493,2023-10-22 00:00:00,150.0
TKT-00371,CUST-0148,ORD-003502,2022-08-02 00:00:00,150.0
TKT-00372,CUST-0149,ORD-003520,2024-06-13 00:00:00,150.0
TKT-00373,CUST-0152,ORD-003543,2022-04-14 00:00:00,150.0
TKT-00374,CUST-0152,ORD-003550,2023-01-06 00:00:00,150.0
TKT-00375,CUST-0152,ORD-003554,2023-06-29 00:00:00,150.0
TKT-00376,CUST-0152,ORD-003556,2023-09-27 00:00:00,150.0
TKT-00377,CUST-0153,ORD-003565,2022-12-12 00:00:00,400.0
TKT-00378,CUST-0154,ORD-003572,2022-12-19 00:00:00,150.0
TKT-00379,CUST-0155,ORD-003581,2023-06-14 00:00:00,150.0
TKT-00380,CUST-0157,ORD-003627,2024-04-30 00:00:00,150.0
TKT-00381,CUST-0158,ORD-003631,2023-02-16 00:00:00,150.0
TKT-00382,CUST-0159,ORD-003647,2024-01-03 00:00:00,150.0
TKT-00383,CUST-0160,ORD-003666,2022-09-27 00:00:00,150.0
TKT-00384,CUST-0160,ORD-003670,2022-11-14 00:00:00,150.0
TKT-00385,CUST-0160,ORD-003682,2023-04-02 00:00:00,150.0
TKT-00386,CUST-0160,ORD-003697,2023-08-14 00:00:00,150.0
TKT-00387,CUST-0160,ORD-003704,2023-10-30 00:00:00,150.0
TKT-00388,CUST-0160,ORD-003725,2024-06-19 00:00:00,150.0
TKT-00389,CUST-0160,ORD-003726,2024-07-01 00:00:00,150.0
TKT-00390,CUST-0161,ORD-003732,2022-10-24 00:00:00,150.0
TKT-00391,CUST-0161,ORD-003736,2023-03-30 00:00:00,400.0
TKT-00392,CUST-0161,ORD-003742,2023-11-04 00:00:00,400.0
TKT-00393,CUST-0161,ORD-003744,2024-01-27 00:00:00,150.0
TKT-00394,CUST-0164,ORD-003777,2023-05-08 00:00:00,400.0
TKT-00395,CUST-0164,ORD-003779,2023-11-19 00:00:00,150.0
TKT-00396,CUST-0165,ORD-003783,2022-09-19 00:00:00,150.0
TKT-00397,CUST-0166,ORD-003784,2022-06-16 00:00:00,400.0
TKT-00398,CUST-0166,ORD-003789,2022-11-09 00:00:00,150.0
TKT-00399,CUST-0166,ORD-003792,2023-01-24 00:00:00,150.0
TKT-00400,CUST-0166,ORD-003794,2023-03-19 00:00:00,150.0
TKT-00401,CUST-0166,ORD-003804,2023-12-21 00:00:00,150.0
TKT-00402,CUST-0166,ORD-003808,2024-04-18 00:00:00,400.0
TKT-00403,CUST-0167,ORD-003823,2024-01-18 00:00:00,150.0
TKT-00404,CUST-0168,ORD-003831,2022-10-10 00:00:00,150.0
TKT-00405,CUST-0168,ORD-003835,2022-11-01 00:00:00,150.0
TKT-00406,CUST-0168,ORD-003837,2022-11-15 00:00:00,150.0
TKT-00407,CUST-0168,ORD-003856,2023-03-08 00:00:00,150.0
TKT-00408,CUST-0168,ORD-003864,2023-04-30 00:00:00,400.0
TKT-00409,CUST-0168,ORD-003869,2023-06-03 00:00:00,150.0
TKT-00410,CUST-0168,ORD-003878,2023-07-24 00:00:00,150.0
TKT-00411,CUST-0168,ORD-003884,2023-09-01 00:00:00,150.0
TKT-00412,CUST-0168,ORD-003886,2023-09-11 00:00:00,150.0
TKT-00413,CUST-0168,ORD-003896,2023-11-15 00:00:00,150.0
TKT-00414,CUST-0168,ORD-003903,2023-12-29 00:00:00,400.0
TKT-00415,CUST-0168,ORD-003905,2024-01-10 00:00:00,150.0
TKT-00416,CUST-0168,ORD-003906,2024-01-18 00:00:00,150.0
TKT-00417,CUST-0168,ORD-003913,2024-03-01 00:00:00,150.0
TKT-00418,CUST-0168,ORD-003918,2024-04-04 00:00:00,150.0
TKT-00419,CUST-0168,ORD-003921,2024-04-23 00:00:00,
TKT-00420,CUST-0169,ORD-003939,2023-02-08 00:00:00,150.0
TKT-00421,CUST-0169,ORD-003940,2023-03-03 00:00:00,400.0
TKT-00422,CUST-0169,ORD-003942,2023-04-15 00:00:00,
TKT-00423,CUST-0169,ORD-003949,2023-09-17 00:00:00,
TKT-00424,CUST-0169,ORD-003953,2023-12-12 00:00:00,150.0
TKT-00425,CUST-0170,ORD-003993,2023-01-18 00:00:00,400.0
TKT-00426,CUST-0170,ORD-004000,2023-03-04 00:00:00,150.0
TKT-00427,CUST-0170,ORD-004001,2023-03-13 00:00:00,
TKT-00428,CUST-0170,ORD-004013,2023-05-28 00:00:00,150.0
TKT-00429,CUST-0170,ORD-004014,2023-06-06 00:00:00,400.0
TKT-00430,CUST-0170,ORD-004035,2023-10-31 00:00:00,150.0
TKT-00431,CUST-0170,ORD-004041,2023-12-14 00:00:00,150.0
TKT-00432,CUST-0170,ORD-004046,2024-01-15 00:00:00,150.0
TKT-00433,CUST-0170,ORD-004054,2024-03-13 00:00:00,400.0
TKT-00434,CUST-0171,ORD-004082,2023-04-03 00:00:00,
TKT-00435,CUST-0171,ORD-004084,2023-05-23 00:00:00,150.0
TKT-00436,CUST-0171,ORD-004085,2023-06-26 00:00:00,150.0
TKT-00437,CUST-0171,ORD-004087,2023-08-13 00:00:00,150.0
TKT-00438,CUST-0171,ORD-004088,2023-09-12 00:00:00,150.0
TKT-00439,CUST-0171,ORD-004097,2024-04-17 00:00:00,150.0
TKT-00440,CUST-0171,ORD-004098,2024-05-03 00:00:00,
TKT-00441,CUST-0173,ORD-004111,2022-08-31 00:00:00,150.0
TKT-00442,CUST-0174,ORD-004141,2023-08-30 00:00:00,150.0
TKT-00443,CUST-0175,ORD-004146,2022-02-25 00:00:00,400.0
TKT-00444,CUST-0175,ORD-004154,2022-07-31 00:00:00,150.0
TKT-00445,CUST-0175,ORD-004157,2022-10-09 00:00:00,150.0
TKT-00446,CUST-0175,ORD-004159,2022-11-22 00:00:00,400.0
TKT-00447,CUST-0175,ORD-004165,2023-03-17 00:00:00,150.0
TKT-00448,CUST-0175,ORD-004177,2023-12-06 00:00:00,150.0
TKT-00449,CUST-0176,ORD-004193,2022-12-18 00:00:00,150.0
TKT-00450,CUST-0176,ORD-004195,2023-01-25 00:00:00,150.0
TKT-00451,CUST-0176,ORD-004200,2023-05-09 00:00:00,400.0
TKT-00452,CUST-0176,ORD-004201,2023-06-03 00:00:00,
TKT-00453,CUST-0176,ORD-004202,2023-06-23 00:00:00,150.0
TKT-00454,CUST-0176,ORD-004207,2023-10-14 00:00:00,150.0
TKT-00455,CUST-0176,ORD-004213,2024-02-12 00:00:00,150.0
TKT-00456,CUST-0176,ORD-004219,2024-06-05 00:00:00,150.0
TKT-00457,CUST-0178,ORD-004226,2022-02-03 00:00:00,150.0
TKT-00458,CUST-0178,ORD-004238,2022-11-16 00:00:00,150.0
TKT-00459,CUST-0178,ORD-004256,2023-12-17 00:00:00,150.0
TKT-00460,CUST-0179,ORD-004268,2022-12-04 00:00:00,150.0
TKT-00461,CUST-0179,ORD-004284,2023-06-26 00:00:00,150.0
TKT-00462,CUST-0179,ORD-004289,2023-08-29 00:00:00,150.0
TKT-00463,CUST-0179,ORD-004308,2024-04-05 00:00:00,150.0
TKT-00464,CUST-0179,ORD-004311,2024-05-14 00:00:00,400.0
TKT-00465,CUST-0180,ORD-004320,2024-02-16 00:00:00,150.0
TKT-00466,CUST-0181,ORD-004329,2023-08-10 00:00:00,150.0
TKT-00467,CUST-0181,ORD-004332,2023-10-07 00:00:00,150.0
TKT-00468,CUST-0182,ORD-004348,2023-06-07 00:00:00,150.0
TKT-00469,CUST-0183,ORD-004356,2022-11-27 00:00:00,150.0
TKT-00470,CUST-0183,ORD-004359,2023-02-01 00:00:00,400.0
TKT-00471,CUST-0183,ORD-004374,2024-01-20 00:00:00,150.0
TKT-00472,CUST-0185,ORD-004397,2023-07-31 00:00:00,150.0
TKT-00473,CUST-0185,ORD-004400,2023-09-25 00:00:00,400.0
TKT-00474,CUST-0186,ORD-004415,2022-05-31 00:00:00,150.0
TKT-00475,CUST-0186,ORD-004416,2022-06-07 00:00:00,150.0
TKT-00476,CUST-0186,ORD-004423,2022-07-29 00:00:00,150.0
TKT-00477,CUST-0186,ORD-004433,2022-10-14 00:00:00,150.0
TKT-00478,CUST-0186,ORD-004437,2022-11-16 00:00:00,400.0
TKT-00479,CUST-0186,ORD-004438,2022-11-21 00:00:00,150.0
TKT-00480,CUST-0186,ORD-004440,2022-12-05 00:00:00,400.0
TKT-00481,CUST-0186,ORD-004441,2022-12-13 00:00:00,150.0
TKT-00482,CUST-0186,ORD-004444,2023-01-05 00:00:00,150.0
TKT-00483,CUST-0186,ORD-004446,2023-01-25 00:00:00,150.0
TKT-00484,CUST-0186,ORD-004449,2023-02-12 00:00:00,
TKT-00485,CUST-0186,ORD-004452,2023-03-11 00:00:00,150.0
TKT-00486,CUST-0186,ORD-004454,2023-03-27 00:00:00,
TKT-00487,CUST-0186,ORD-004458,2023-04-25 00:00:00,150.0
TKT-00488,CUST-0186,ORD-004464,2023-06-09 00:00:00,150.0
TKT-00489,CUST-0186,ORD-004470,2023-07-26 00:00:00,150.0
TKT-00490,CUST-0186,ORD-004471,2023-08-01 00:00:00,150.0
TKT-00491,CUST-0186,ORD-004489,2023-12-17 00:00:00,150.0
TKT-00492,CUST-0186,ORD-004497,2024-02-12 00:00:00,150.0
TKT-00493,CUST-0186,ORD-004503,2024-03-30 00:00:00,150.0
TKT-00494,CUST-0186,ORD-004507,2024-04-26 00:00:00,150.0
TKT-00495,CUST-0186,ORD-004509,2024-05-16 00:00:00,150.0
TKT-00496,CUST-0186,ORD-004511,2024-05-30 00:00:00,150.0
TKT-00497,CUST-0186,ORD-004512,2024-06-06 00:00:00,150.0
TKT-00498,CUST-0186,ORD-004513,2024-06-14 00:00:00,150.0
TKT-00499,CUST-0187,ORD-004518,2022-11-22 00:00:00,150.0
TKT-00500,CUST-0187,ORD-004531,2024-02-10 00:00:00,150.0
TKT-00501,CUST-0190,ORD-004563,2023-04-12 00:00:00,150.0
TKT-00502,CUST-0191,ORD-004576,2023-09-04 00:00:00,
TKT-00503,CUST-0191,ORD-004579,2023-11-23 00:00:00,150.0
TKT-00504,CUST-0191,ORD-004581,2024-01-22 00:00:00,150.0
TKT-00505,CUST-0191,ORD-004582,2024-02-23 00:00:00,
TKT-00506,CUST-0191,ORD-004583,2024-03-27 00:00:00,150.0
TKT-00507,CUST-0193,ORD-004615,2022-05-06 00:00:00,150.0
TKT-00508,CUST-0193,ORD-004619,2023-03-16 00:00:00,150.0
TKT-00509,CUST-0193,ORD-004620,2023-07-29 00:00:00,150.0
TKT-00510,CUST-0195,ORD-004654,2022-10-01 00:00:00,150.0
TKT-00511,CUST-0195,ORD-004676,2023-02-13 00:00:00,150.0
TKT-00512,CUST-0195,ORD-004713,2023-10-07 00:00:00,150.0
TKT-00513,CUST-0195,ORD-004721,2023-12-01 00:00:00,150.0
TKT-00514,CUST-0198,ORD-004778,2023-05-09 00:00:00,400.0
TKT-00515,CUST-0198,ORD-004780,2023-05-28 00:00:00,150.0
TKT-00516,CUST-0198,ORD-004781,2023-06-06 00:00:00,150.0
TKT-00517,CUST-0198,ORD-004810,2024-01-21 00:00:00,150.0
TKT-00518,CUST-0198,ORD-004821,2024-04-21 00:00:00,150.0
TKT-00519,CUST-0198,ORD-004825,2024-05-30 00:00:00,150.0
TKT-00520,CUST-0198,ORD-004826,2024-06-09 00:00:00,400.0
TKT-00521,CUST-0199,ORD-004829,2022-03-03 00:00:00,150.0
TKT-00522,CUST-0199,ORD-004842,2023-07-12 00:00:00,150.0
TKT-00523,CUST-0199,ORD-004851,2024-06-15 00:00:00,150.0
TKT-00524,CUST-0200,ORD-004853,2023-04-07 00:00:00,150.0
TKT-00525,CUST-0200,ORD-004857,2023-08-27 00:00:00,150.0
TKT-00526,CUST-0200,ORD-004858,2023-09-29 00:00:00,400.0
TKT-00527,CUST-0200,ORD-004860,2024-01-15 00:00:00,400.0
TKT-00528,CUST-0201,ORD-004865,2022-05-26 00:00:00,400.0
TKT-00529,CUST-0201,ORD-004868,2022-11-24 00:00:00,150.0
TKT-00530,CUST-0202,ORD-004894,2023-12-03 00:00:00,150.0
TKT-00531,CUST-0202,ORD-004896,2024-01-07 00:00:00,150.0
TKT-00532,CUST-0202,ORD-004897,2024-01-24 00:00:00,150.0
TKT-00533,CUST-0202,ORD-004903,2024-05-21 00:00:00,
TKT-00534,CUST-0202,ORD-004905,2024-07-01 00:00:00,150.0
TKT-00535,CUST-0203,ORD-004907,2022-05-14 00:00:00,150.0
TKT-00536,CUST-0203,ORD-004908,2022-06-19 00:00:00,150.0
TKT-00537,CUST-0203,ORD-004913,2023-01-09 00:00:00,150.0
TKT-00538,CUST-0204,ORD-004936,2023-05-08 00:00:00,150.0
TKT-00539,CUST-0204,ORD-004950,2024-02-12 00:00:00,
TKT-00540,CUST-0204,ORD-004951,2024-03-05 00:00:00,150.0
TKT-00541,CUST-0206,ORD-004982,2023-03-02 00:00:00,400.0
TKT-00542,CUST-0206,ORD-004984,2023-09-17 00:00:00,150.0
TKT-00543,CUST-0207,ORD-004988,2023-08-03 00:00:00,150.0
TKT-00544,CUST-0207,ORD-004992,2024-01-04 00:00:00,400.0
TKT-00545,CUST-0209,ORD-005004,2023-03-06 00:00:00,150.0
TKT-00546,CUST-0211,ORD-005026,2023-06-10 00:00:00,150.0
TKT-00547,CUST-0211,ORD-005028,2023-08-09 00:00:00,150.0
TKT-00548,CUST-0213,ORD-005061,2023-08-13 00:00:00,150.0
TKT-00549,CUST-0213,ORD-005068,2024-04-07 00:00:00,150.0
TKT-00550,CUST-0214,ORD-005080,2024-01-29 00:00:00,150.0
TKT-00551,CUST-0216,ORD-005099,2022-04-11 00:00:00,400.0
TKT-00552,CUST-0216,ORD-005101,2022-08-13 00:00:00,150.0
TKT-00553,CUST-0217,ORD-005107,2023-04-02 00:00:00,150.0
TKT-00554,CUST-0217,ORD-005109,2023-06-09 00:00:00,400.0
TKT-00555,CUST-0217,ORD-005113,2024-01-30 00:00:00,150.0
TKT-00556,CUST-0219,ORD-005129,2022-07-30 00:00:00,150.0
TKT-00557,CUST-0219,ORD-005138,2023-03-02 00:00:00,150.0
TKT-00558,CUST-0219,ORD-005143,2023-06-20 00:00:00,150.0
TKT-00559,CUST-0219,ORD-005156,2024-04-04 00:00:00,150.0
TKT-00560,CUST-0221,ORD-005178,2023-11-25 00:00:00,150.0
TKT-00561,CUST-0222,ORD-005181,2022-04-27 00:00:00,150.0
TKT-00562,CUST-0222,ORD-005182,2022-06-16 00:00:00,150.0
TKT-00563,CUST-0222,ORD-005189,2023-03-28 00:00:00,150.0
TKT-00564,CUST-0222,ORD-005191,2023-06-06 00:00:00,150.0
TKT-00565,CUST-0222,ORD-005192,2023-07-18 00:00:00,150.0
TKT-00566,CUST-0222,ORD-005194,2023-10-04 00:00:00,150.0
TKT-00567,CUST-0223,ORD-005206,2022-11-30 00:00:00,150.0
TKT-00568,CUST-0228,ORD-005267,2023-08-04 00:00:00,150.0
TKT-00569,CUST-0228,ORD-005272,2023-11-14 00:00:00,150.0
TKT-00570,CUST-0228,ORD-005275,2024-02-02 00:00:00,150.0
TKT-00571,CUST-0228,ORD-005276,2024-03-07 00:00:00,400.0
TKT-00572,CUST-0230,ORD-005293,2022-07-26 00:00:00,150.0
TKT-00573,CUST-0230,ORD-005299,2022-11-10 00:00:00,150.0
TKT-00574,CUST-0231,ORD-005341,2023-01-09 00:00:00,150.0
TKT-00575,CUST-0231,ORD-005352,2023-09-19 00:00:00,400.0
TKT-00576,CUST-0232,ORD-005364,2023-02-04 00:00:00,400.0
TKT-00577,CUST-0232,ORD-005366,2023-05-05 00:00:00,150.0
TKT-00578,CUST-0232,ORD-005367,2023-06-23 00:00:00,400.0
TKT-00579,CUST-0232,ORD-005372,2024-03-21 00:00:00,150.0
TKT-00580,CUST-0233,ORD-005376,2022-05-30 00:00:00,400.0
TKT-00581,CUST-0233,ORD-005377,2022-07-24 00:00:00,400.0
TKT-00582,CUST-0233,ORD-005380,2023-04-23 00:00:00,150.0
TKT-00583,CUST-0234,ORD-005387,2023-12-24 00:00:00,
TKT-00584,CUST-0235,ORD-005390,2022-08-26 00:00:00,400.0
TKT-00585,CUST-0237,ORD-005411,2023-07-28 00:00:00,150.0
TKT-00586,CUST-0237,ORD-005419,2024-02-20 00:00:00,150.0
TKT-00587,CUST-0238,ORD-005434,2022-11-07 00:00:00,150.0
TKT-00588,CUST-0238,ORD-005442,2023-03-12 00:00:00,150.0
TKT-00589,CUST-0238,ORD-005460,2023-12-15 00:00:00,150.0
TKT-00590,CUST-0239,ORD-005476,2022-12-27 00:00:00,400.0
TKT-00591,CUST-0239,ORD-005478,2023-05-19 00:00:00,150.0
TKT-00592,CUST-0240,ORD-005485,2023-08-24 00:00:00,
TKT-00593,CUST-0240,ORD-005486,2023-10-06 00:00:00,150.0
TKT-00594,CUST-0240,ORD-005487,2023-11-08 00:00:00,150.0
TKT-00595,CUST-0240,ORD-005488,2023-12-12 00:00:00,150.0
TKT-00596,CUST-0240,ORD-005489,2024-01-09 00:00:00,150.0
TKT-00597,CUST-0240,ORD-005491,2024-03-20 00:00:00,150.0
TKT-00598,CUST-0240,ORD-005492,2024-04-26 00:00:00,150.0
TKT-00599,CUST-0241,ORD-005494,2022-04-13 00:00:00,150.0
TKT-00600,CUST-0241,ORD-005497,2022-09-15 00:00:00,150.0
TKT-00601,CUST-0241,ORD-005499,2023-02-22 00:00:00,150.0
TKT-00602,CUST-0241,ORD-005501,2023-08-11 00:00:00,400.0
TKT-00603,CUST-0241,ORD-005502,2024-01-10 00:00:00,150.0
TKT-00604,CUST-0242,ORD-005510,2023-12-17 00:00:00,150.0
TKT-00605,CUST-0242,ORD-005512,2024-02-15 00:00:00,150.0
TKT-00606,CUST-0242,ORD-005513,2024-03-17 00:00:00,400.0
TKT-00607,CUST-0248,ORD-005578,2022-10-14 00:00:00,150.0
TKT-00608,CUST-0248,ORD-005579,2022-11-09 00:00:00,150.0
TKT-00609,CUST-0248,ORD-005583,2023-02-07 00:00:00,150.0
TKT-00610,CUST-0248,ORD-005588,2023-06-06 00:00:00,150.0
TKT-00611,CUST-0248,ORD-005591,2023-08-18 00:00:00,
TKT-00612,CUST-0248,ORD-005597,2023-12-26 00:00:00,
TKT-00613,CUST-0248,ORD-005602,2024-04-13 00:00:00,400.0
TKT-00614,CUST-0248,ORD-005605,2024-06-16 00:00:00,150.0
TKT-00615,CUST-0249,ORD-005608,2023-08-21 00:00:00,150.0
TKT-00616,CUST-0250,ORD-005619,2022-07-07 00:00:00,150.0
TKT-00617,CUST-0250,ORD-005620,2022-07-20 00:00:00,150.0
TKT-00618,CUST-0250,ORD-005621,2022-08-05 00:00:00,150.0
TKT-00619,CUST-0250,ORD-005624,2022-09-08 00:00:00,150.0
TKT-00620,CUST-0250,ORD-005625,2022-09-20 00:00:00,150.0
TKT-00621,CUST-0250,ORD-005630,2022-12-04 00:00:00,400.0
TKT-00622,CUST-0250,ORD-005634,2023-01-24 00:00:00,150.0
TKT-00623,CUST-0250,ORD-005640,2023-04-07 00:00:00,150.0
TKT-00624,CUST-0250,ORD-005660,2023-12-14 00:00:00,150.0
TKT-00625,CUST-0250,ORD-005662,2024-01-07 00:00:00,150.0
TKT-00626,CUST-0250,ORD-005666,2024-02-22 00:00:00,150.0
TKT-00627,CUST-0250,ORD-005668,2024-03-17 00:00:00,150.0
TKT-00628,CUST-0250,ORD-005673,2024-05-23 00:00:00,150.0
TKT-00629,CUST-0251,ORD-005678,2022-11-15 00:00:00,150.0
TKT-00630,CUST-0251,ORD-005680,2023-01-10 00:00:00,150.0
TKT-00631,CUST-0251,ORD-005682,2023-04-16 00:00:00,150.0
TKT-00632,CUST-0251,ORD-005683,2023-06-24 00:00:00,150.0
TKT-00633,CUST-0252,ORD-005688,2023-08-15 00:00:00,150.0
TKT-00634,CUST-0253,ORD-005694,2023-08-03 00:00:00,400.0
TKT-00635,CUST-0254,ORD-005704,2022-09-27 00:00:00,150.0
TKT-00636,CUST-0254,ORD-005713,2024-01-29 00:00:00,150.0
TKT-00637,CUST-0254,ORD-005714,2024-03-27 00:00:00,
TKT-00638,CUST-0255,ORD-005718,2023-01-09 00:00:00,150.0
TKT-00639,CUST-0255,ORD-005722,2023-03-23 00:00:00,150.0
TKT-00640,CUST-0255,ORD-005724,2023-04-27 00:00:00,150.0
TKT-00641,CUST-0255,ORD-005727,2023-06-18 00:00:00,150.0
TKT-00642,CUST-0255,ORD-005733,2023-10-05 00:00:00,150.0
TKT-00643,CUST-0255,ORD-005738,2024-01-06 00:00:00,400.0
TKT-00644,CUST-0255,ORD-005740,2024-02-12 00:00:00,150.0
TKT-00645,CUST-0258,ORD-005777,2023-05-20 00:00:00,150.0
TKT-00646,CUST-0259,ORD-005792,2022-07-23 00:00:00,150.0
TKT-00647,CUST-0259,ORD-005797,2022-12-03 00:00:00,150.0
TKT-00648,CUST-0259,ORD-005801,2023-06-26 00:00:00,150.0
TKT-00649,CUST-0260,ORD-005809,2022-12-27 00:00:00,150.0
TKT-00650,CUST-0260,ORD-005813,2023-02-06 00:00:00,150.0
TKT-00651,CUST-0260,ORD-005818,2023-04-08 00:00:00,150.0
TKT-00652,CUST-0260,ORD-005821,2023-05-09 00:00:00,150.0
TKT-00653,CUST-0260,ORD-005828,2023-08-04 00:00:00,150.0
TKT-00654,CUST-0260,ORD-005829,2023-08-14 00:00:00,
TKT-00655,CUST-0260,ORD-005833,2023-10-04 00:00:00,400.0
TKT-00656,CUST-0260,ORD-005835,2023-11-01 00:00:00,150.0
TKT-00657,CUST-0260,ORD-005847,2024-03-07 00:00:00,400.0
TKT-00658,CUST-0260,ORD-005849,2024-03-29 00:00:00,150.0
TKT-00659,CUST-0262,ORD-005879,2022-11-09 00:00:00,150.0
TKT-00660,CUST-0262,ORD-005884,2023-01-30 00:00:00,150.0
TKT-00661,CUST-0262,ORD-005900,2023-12-06 00:00:00,400.0
TKT-00662,CUST-0262,ORD-005904,2024-02-08 00:00:00,150.0
TKT-00663,CUST-0264,ORD-005922,2022-10-26 00:00:00,400.0
TKT-00664,CUST-0265,ORD-005927,2022-02-12 00:00:00,150.0
TKT-00665,CUST-0266,ORD-005938,2022-08-11 00:00:00,150.0
TKT-00666,CUST-0268,ORD-005963,2022-08-02 00:00:00,150.0
TKT-00667,CUST-0268,ORD-005976,2023-03-31 00:00:00,150.0
TKT-00668,CUST-0268,ORD-005981,2023-06-19 00:00:00,150.0
TKT-00669,CUST-0269,ORD-006003,2022-06-22 00:00:00,150.0
TKT-00670,CUST-0271,ORD-006023,2023-01-22 00:00:00,400.0
TKT-00671,CUST-0271,ORD-006029,2023-07-24 00:00:00,
TKT-00672,CUST-0271,ORD-006036,2024-02-07 00:00:00,150.0
TKT-00673,CUST-0271,ORD-006041,2024-06-22 00:00:00,400.0
TKT-00674,CUST-0275,ORD-006082,2022-09-27 00:00:00,150.0
TKT-00675,CUST-0275,ORD-006083,2022-10-27 00:00:00,150.0
TKT-00676,CUST-0275,ORD-006090,2023-06-19 00:00:00,150.0
TKT-00677,CUST-0275,ORD-006091,2023-07-31 00:00:00,150.0
TKT-00678,CUST-0275,ORD-006102,2024-06-21 00:00:00,150.0
TKT-00679,CUST-0278,ORD-006150,2023-05-10 00:00:00,150.0
TKT-00680,CUST-0278,ORD-006152,2023-07-15 00:00:00,150.0
TKT-00681,CUST-0278,ORD-006154,2023-09-29 00:00:00,150.0
TKT-00682,CUST-0279,ORD-006170,2023-06-19 00:00:00,150.0
TKT-00683,CUST-0279,ORD-006177,2024-02-03 00:00:00,150.0
TKT-00684,CUST-0280,ORD-006211,2023-02-09 00:00:00,150.0
TKT-00685,CUST-0284,ORD-006344,2022-12-23 00:00:00,150.0
TKT-00686,CUST-0284,ORD-006347,2023-06-17 00:00:00,400.0
TKT-00687,CUST-0287,ORD-006392,2024-03-08 00:00:00,150.0
TKT-00688,CUST-0292,ORD-006429,2022-09-28 00:00:00,150.0
TKT-00689,CUST-0292,ORD-006438,2023-01-10 00:00:00,150.0
TKT-00690,CUST-0293,ORD-006476,2022-03-17 00:00:00,150.0
TKT-00691,CUST-0293,ORD-006480,2022-11-17 00:00:00,150.0
TKT-00692,CUST-0295,ORD-006495,2023-07-17 00:00:00,400.0
TKT-00693,CUST-0295,ORD-006497,2023-09-13 00:00:00,400.0
TKT-00694,CUST-0295,ORD-006505,2024-05-11 00:00:00,150.0
TKT-00695,CUST-0297,ORD-006515,2022-08-26 00:00:00,400.0
TKT-00696,CUST-0298,ORD-006528,2024-04-21 00:00:00,150.0
TKT-00697,CUST-0299,ORD-006532,2023-05-25 00:00:00,150.0
TKT-00698,CUST-0299,ORD-006533,2023-07-13 00:00:00,150.0
TKT-00699,CUST-0299,ORD-006535,2023-12-01 00:00:00,150.0
TKT-00700,CUST-0300,ORD-006543,2022-09-14 00:00:00,400.0
TKT-00701,CUST-0300,ORD-006544,2022-09-22 00:00:00,150.0
TKT-00702,CUST-0300,ORD-006552,2022-12-23 00:00:00,400.0
TKT-00703,CUST-0300,ORD-006560,2023-03-18 00:00:00,150.0
TKT-00704,CUST-0300,ORD-006562,2023-04-05 00:00:00,150.0
TKT-00705,CUST-0300,ORD-006571,2023-07-08 00:00:00,400.0
TKT-00706,CUST-0300,ORD-006575,2023-08-09 00:00:00,150.0
TKT-00707,CUST-0300,ORD-006577,2023-08-26 00:00:00,150.0
TKT-00708,CUST-0300,ORD-006588,2023-12-18 00:00:00,150.0
TKT-00709,CUST-0300,ORD-006592,2024-02-01 00:00:00,150.0
TKT-00710,CUST-0301,ORD-006612,2023-05-26 00:00:00,150.0
TKT-00711,CUST-0301,ORD-006623,2024-03-24 00:00:00,150.0
TKT-00712,CUST-0304,ORD-006675,2022-12-11 00:00:00,150.0
TKT-00713,CUST-0304,ORD-006680,2023-03-28 00:00:00,150.0
TKT-00714,CUST-0304,ORD-006681,2023-04-19 00:00:00,
TKT-00715,CUST-0304,ORD-006683,2023-07-06 00:00:00,150.0
TKT-00716,CUST-0305,ORD-006692,2023-03-07 00:00:00,400.0
TKT-00717,CUST-0305,ORD-006693,2023-03-29 00:00:00,150.0
TKT-00718,CUST-0305,ORD-006696,2023-05-26 00:00:00,150.0
TKT-00719,CUST-0305,ORD-006701,2023-08-27 00:00:00,150.0
TKT-00720,CUST-0305,ORD-006703,2023-10-03 00:00:00,150.0
TKT-00721,CUST-0305,ORD-006708,2024-01-02 00:00:00,150.0
TKT-00722,CUST-0306,ORD-006722,2023-02-27 00:00:00,150.0
TKT-00723,CUST-0309,ORD-006763,2022-10-15 00:00:00,150.0
TKT-00724,CUST-0309,ORD-006769,2023-05-13 00:00:00,150.0
TKT-00725,CUST-0309,ORD-006771,2023-08-18 00:00:00,150.0
TKT-00726,CUST-0309,ORD-006773,2023-11-02 00:00:00,150.0
TKT-00727,CUST-0309,ORD-006776,2024-03-29 00:00:00,150.0
TKT-00728,CUST-0310,ORD-006788,2022-11-30 00:00:00,150.0
TKT-00729,CUST-0310,ORD-006799,2023-11-30 00:00:00,150.0
TKT-00730,CUST-0310,ORD-006800,2024-01-04 00:00:00,150.0
TKT-00731,CUST-0311,ORD-006808,2022-07-02 00:00:00,150.0
TKT-00732,CUST-0311,ORD-006815,2022-11-06 00:00:00,150.0
TKT-00733,CUST-0311,ORD-006818,2023-02-27 00:00:00,150.0
TKT-00734,CUST-0311,ORD-006821,2023-09-08 00:00:00,150.0
TKT-00735,CUST-0313,ORD-006841,2022-08-17 00:00:00,150.0
TKT-00736,CUST-0313,ORD-006844,2022-09-28 00:00:00,150.0
TKT-00737,CUST-0313,ORD-006845,2022-10-14 00:00:00,400.0
TKT-00738,CUST-0313,ORD-006851,2023-01-15 00:00:00,150.0
TKT-00739,CUST-0313,ORD-006852,2023-01-31 00:00:00,150.0
TKT-00740,CUST-0313,ORD-006856,2023-03-16 00:00:00,400.0
TKT-00741,CUST-0313,ORD-006860,2023-05-16 00:00:00,400.0
TKT-00742,CUST-0313,ORD-006866,2023-08-08 00:00:00,150.0
TKT-00743,CUST-0313,ORD-006874,2023-12-12 00:00:00,150.0
TKT-00744,CUST-0313,ORD-006879,2024-02-17 00:00:00,400.0
TKT-00745,CUST-0313,ORD-006884,2024-05-05 00:00:00,150.0
TKT-00746,CUST-0313,ORD-006886,2024-05-31 00:00:00,400.0
TKT-00747,CUST-0313,ORD-006888,2024-06-28 00:00:00,150.0
TKT-00748,CUST-0314,ORD-006891,2022-10-20 00:00:00,400.0
TKT-00749,CUST-0315,ORD-006917,2023-01-03 00:00:00,400.0
TKT-00750,CUST-0316,ORD-006925,2022-09-27 00:00:00,150.0
TKT-00751,CUST-0316,ORD-006930,2023-03-25 00:00:00,150.0
TKT-00752,CUST-0316,ORD-006932,2023-05-19 00:00:00,400.0
TKT-00753,CUST-0316,ORD-006939,2024-01-22 00:00:00,150.0
TKT-00754,CUST-0316,ORD-006940,2024-03-07 00:00:00,400.0
TKT-00755,CUST-0317,ORD-006945,2023-03-10 00:00:00,150.0
TKT-00756,CUST-0317,ORD-006948,2023-08-09 00:00:00,400.0
TKT-00757,CUST-0319,ORD-006970,2023-04-24 00:00:00,400.0
TKT-00758,CUST-0319,ORD-006971,2023-05-16 00:00:00,
TKT-00759,CUST-0319,ORD-006975,2023-08-23 00:00:00,150.0
TKT-00760,CUST-0319,ORD-006980,2024-04-28 00:00:00,400.0
TKT-00761,CUST-0320,ORD-006985,2022-11-18 00:00:00,400.0
TKT-00762,CUST-0320,ORD-007011,2024-03-03 00:00:00,150.0
TKT-00763,CUST-0321,ORD-007026,2023-09-11 00:00:00,150.0
TKT-00764,CUST-0321,ORD-007028,2023-10-19 00:00:00,150.0
TKT-00765,CUST-0321,ORD-007041,2024-06-08 00:00:00,150.0
TKT-00766,CUST-0322,ORD-007044,2023-05-15 00:00:00,150.0
TKT-00767,CUST-0323,ORD-007050,2022-07-17 00:00:00,400.0
TKT-00768,CUST-0323,ORD-007052,2022-11-15 00:00:00,150.0
TKT-00769,CUST-0323,ORD-007053,2023-01-26 00:00:00,400.0
TKT-00770,CUST-0325,ORD-007077,2022-11-25 00:00:00,150.0
TKT-00771,CUST-0325,ORD-007078,2022-12-11 00:00:00,150.0
TKT-00772,CUST-0325,ORD-007079,2022-12-28 00:00:00,150.0
TKT-00773,CUST-0325,ORD-007087,2023-08-20 00:00:00,150.0
TKT-00774,CUST-0325,ORD-007096,2024-04-12 00:00:00,150.0
TKT-00775,CUST-0325,ORD-007097,2024-05-07 00:00:00,400.0
TKT-00776,CUST-0327,ORD-007119,2023-11-19 00:00:00,150.0
TKT-00777,CUST-0327,ORD-007122,2024-03-05 00:00:00,150.0
TKT-00778,CUST-0330,ORD-007163,2023-02-23 00:00:00,150.0
TKT-00779,CUST-0330,ORD-007168,2023-03-26 00:00:00,
TKT-00780,CUST-0330,ORD-007173,2023-04-23 00:00:00,400.0
TKT-00781,CUST-0330,ORD-007186,2023-07-17 00:00:00,150.0
TKT-00782,CUST-0330,ORD-007187,2023-07-22 00:00:00,150.0
TKT-00783,CUST-0330,ORD-007203,2023-11-01 00:00:00,400.0
TKT-00784,CUST-0330,ORD-007211,2023-12-27 00:00:00,150.0
TKT-00785,CUST-0330,ORD-007213,2024-01-06 00:00:00,150.0
TKT-00786,CUST-0330,ORD-007219,2024-02-18 00:00:00,150.0
TKT-00787,CUST-0330,ORD-007224,2024-03-18 00:00:00,150.0
TKT-00788,CUST-0330,ORD-007234,2024-05-21 00:00:00,150.0
TKT-00789,CUST-0330,ORD-007240,2024-06-26 00:00:00,400.0
TKT-00790,CUST-0333,ORD-007281,2024-03-28 00:00:00,400.0
TKT-00791,CUST-0334,ORD-007291,2022-12-10 00:00:00,150.0
TKT-00792,CUST-0334,ORD-007292,2022-12-20 00:00:00,150.0
TKT-00793,CUST-0334,ORD-007293,2022-12-27 00:00:00,150.0
TKT-00794,CUST-0334,ORD-007295,2023-01-14 00:00:00,400.0
TKT-00795,CUST-0334,ORD-007297,2023-01-29 00:00:00,150.0
TKT-00796,CUST-0334,ORD-007302,2023-03-16 00:00:00,400.0
TKT-00797,CUST-0334,ORD-007304,2023-03-27 00:00:00,150.0
TKT-00798,CUST-0334,ORD-007311,2023-05-16 00:00:00,150.0
TKT-00799,CUST-0334,ORD-007316,2023-06-19 00:00:00,150.0
TKT-00800,CUST-0334,ORD-007317,2023-06-30 00:00:00,150.0
TKT-00801,CUST-0334,ORD-007329,2023-09-24 00:00:00,150.0
TKT-00802,CUST-0334,ORD-007331,2023-10-14 00:00:00,150.0
TKT-00803,CUST-0334,ORD-007337,2023-11-18 00:00:00,150.0
TKT-00804,CUST-0334,ORD-007346,2024-01-19 00:00:00,150.0
TKT-00805,CUST-0334,ORD-007359,2024-04-30 00:00:00,400.0
TKT-00806,CUST-0337,ORD-007384,2022-06-28 00:00:00,150.0
TKT-00807,CUST-0340,ORD-007459,2022-10-09 00:00:00,150.0
TKT-00808,CUST-0340,ORD-007462,2023-02-07 00:00:00,150.0
TKT-00809,CUST-0340,ORD-007473,2024-02-13 00:00:00,400.0
TKT-00810,CUST-0341,ORD-007487,2022-12-22 00:00:00,400.0
TKT-00811,CUST-0341,ORD-007488,2023-01-20 00:00:00,400.0
TKT-00812,CUST-0341,ORD-007489,2023-02-19 00:00:00,150.0
TKT-00813,CUST-0341,ORD-007490,2023-03-29 00:00:00,150.0
TKT-00814,CUST-0341,ORD-007501,2024-02-25 00:00:00,150.0
TKT-00815,CUST-0342,ORD-007525,2023-10-18 00:00:00,
TKT-00816,CUST-0343,ORD-007534,2023-05-17 00:00:00,150.0
TKT-00817,CUST-0344,ORD-007550,2022-02-08 00:00:00,150.0
TKT-00818,CUST-0345,ORD-007566,2023-06-22 00:00:00,150.0
TKT-00819,CUST-0345,ORD-007574,2024-02-04 00:00:00,150.0
TKT-00820,CUST-0345,ORD-007575,2024-03-04 00:00:00,400.0
TKT-00821,CUST-0347,ORD-007595,2022-09-18 00:00:00,150.0
TKT-00822,CUST-0349,ORD-007616,2023-01-20 00:00:00,400.0
TKT-00823,CUST-0349,ORD-007620,2023-08-11 00:00:00,150.0
TKT-00824,CUST-0350,ORD-007633,2023-06-28 00:00:00,400.0
TKT-00825,CUST-0352,ORD-007661,2023-12-03 00:00:00,150.0
TKT-00826,CUST-0353,ORD-007671,2023-04-15 00:00:00,150.0
TKT-00827,CUST-0353,ORD-007677,2023-08-19 00:00:00,150.0
TKT-00828,CUST-0355,ORD-007701,2022-12-01 00:00:00,150.0
TKT-00829,CUST-0355,ORD-007705,2022-12-29 00:00:00,150.0
TKT-00830,CUST-0355,ORD-007708,2023-01-15 00:00:00,150.0
TKT-00831,CUST-0355,ORD-007715,2023-03-07 00:00:00,400.0
TKT-00832,CUST-0355,ORD-007717,2023-03-18 00:00:00,150.0
TKT-00833,CUST-0355,ORD-007721,2023-04-12 00:00:00,150.0
TKT-00834,CUST-0355,ORD-007727,2023-05-18 00:00:00,150.0
TKT-00835,CUST-0355,ORD-007728,2023-05-27 00:00:00,400.0
TKT-00836,CUST-0355,ORD-007736,2023-07-21 00:00:00,150.0
TKT-00837,CUST-0355,ORD-007739,2023-08-08 00:00:00,150.0
TKT-00838,CUST-0355,ORD-007740,2023-08-13 00:00:00,400.0
TKT-00839,CUST-0355,ORD-007749,2023-10-06 00:00:00,150.0
TKT-00840,CUST-0355,ORD-007752,2023-10-28 00:00:00,150.0
TKT-00841,CUST-0355,ORD-007753,2023-11-02 00:00:00,150.0
TKT-00842,CUST-0355,ORD-007765,2024-01-18 00:00:00,150.0
TKT-00843,CUST-0355,ORD-007773,2024-03-06 00:00:00,
TKT-00844,CUST-0355,ORD-007789,2024-06-20 00:00:00,150.0
TKT-00845,CUST-0356,ORD-007793,2022-05-11 00:00:00,150.0
TKT-00846,CUST-0359,ORD-007862,2023-07-08 00:00:00,
TKT-00847,CUST-0359,ORD-007869,2024-05-27 00:00:00,150.0
TKT-00848,CUST-0360,ORD-007873,2022-09-09 00:00:00,150.0
TKT-00849,CUST-0360,ORD-007880,2022-12-28 00:00:00,150.0
TKT-00850,CUST-0360,ORD-007883,2023-02-10 00:00:00,
TKT-00851,CUST-0360,ORD-007884,2023-02-27 00:00:00,150.0
TKT-00852,CUST-0360,ORD-007890,2023-05-26 00:00:00,150.0
TKT-00853,CUST-0360,ORD-007893,2023-07-18 00:00:00,150.0
TKT-00854,CUST-0360,ORD-007896,2023-08-30 00:00:00,400.0
TKT-00855,CUST-0360,ORD-007900,2023-10-28 00:00:00,150.0
TKT-00856,CUST-0360,ORD-007905,2024-01-09 00:00:00,150.0
TKT-00857,CUST-0360,ORD-007909,2024-03-09 00:00:00,150.0
TKT-00858,CUST-0360,ORD-007910,2024-03-28 00:00:00,400.0
TKT-00859,CUST-0360,ORD-007912,2024-04-14 00:00:00,150.0
TKT-00860,CUST-0362,ORD-007930,2022-08-17 00:00:00,150.0
TKT-00861,CUST-0362,ORD-007933,2022-11-02 00:00:00,400.0
TKT-00862,CUST-0362,ORD-007954,2024-06-18 00:00:00,150.0
TKT-00863,CUST-0364,ORD-007963,2022-04-23 00:00:00,150.0
TKT-00864,CUST-0365,ORD-007977,2023-08-08 00:00:00,150.0
TKT-00865,CUST-0366,ORD-007987,2022-07-23 00:00:00,150.0
TKT-00866,CUST-0366,ORD-007990,2022-09-13 00:00:00,400.0
TKT-00867,CUST-0366,ORD-007993,2022-11-04 00:00:00,150.0
TKT-00868,CUST-0366,ORD-008020,2024-02-24 00:00:00,150.0
TKT-00869,CUST-0366,ORD-008025,2024-05-19 00:00:00,150.0
TKT-00870,CUST-0367,ORD-008032,2023-07-16 00:00:00,150.0
TKT-00871,CUST-0367,ORD-008034,2023-08-29 00:00:00,150.0
TKT-00872,CUST-0367,ORD-008037,2023-11-04 00:00:00,150.0
TKT-00873,CUST-0367,ORD-008039,2023-12-26 00:00:00,
TKT-00874,CUST-0368,ORD-008053,2022-08-04 00:00:00,400.0
TKT-00875,CUST-0368,ORD-008056,2022-09-21 00:00:00,150.0
TKT-00876,CUST-0368,ORD-008058,2022-10-24 00:00:00,150.0
TKT-00877,CUST-0368,ORD-008064,2023-01-12 00:00:00,150.0
TKT-00878,CUST-0368,ORD-008070,2023-04-05 00:00:00,150.0
TKT-00879,CUST-0368,ORD-008071,2023-04-19 00:00:00,150.0
TKT-00880,CUST-0368,ORD-008084,2023-10-12 00:00:00,400.0
TKT-00881,CUST-0368,ORD-008086,2023-11-11 00:00:00,
TKT-00882,CUST-0368,ORD-008087,2023-11-26 00:00:00,150.0
TKT-00883,CUST-0368,ORD-008097,2024-04-20 00:00:00,150.0
TKT-00884,CUST-0368,ORD-008100,2024-06-05 00:00:00,150.0
TKT-00885,CUST-0371,ORD-008136,2022-07-30 00:00:00,150.0
TKT-00886,CUST-0371,ORD-008139,2022-12-04 00:00:00,150.0
TKT-00887,CUST-0371,ORD-008143,2023-05-28 00:00:00,400.0
TKT-00888,CUST-0373,ORD-008157,2022-08-17 00:00:00,150.0
TKT-00889,CUST-0374,ORD-008179,2024-04-04 00:00:00,150.0
TKT-00890,CUST-0374,ORD-008183,2024-06-10 00:00:00,150.0
TKT-00891,CUST-0377,ORD-008208,2023-08-24 00:00:00,150.0
TKT-00892,CUST-0379,ORD-008219,2023-01-28 00:00:00,150.0
TKT-00893,CUST-0381,ORD-008234,2022-04-01 00:00:00,150.0
TKT-00894,CUST-0381,ORD-008238,2022-08-05 00:00:00,150.0
TKT-00895,CUST-0381,ORD-008240,2022-10-12 00:00:00,400.0
TKT-00896,CUST-0381,ORD-008242,2023-01-03 00:00:00,150.0
TKT-00897,CUST-0381,ORD-008248,2023-07-16 00:00:00,400.0
TKT-00898,CUST-0381,ORD-008252,2023-11-27 00:00:00,400.0
TKT-00899,CUST-0381,ORD-008255,2024-02-26 00:00:00,150.0
TKT-00900,CUST-0381,ORD-008256,2024-04-05 00:00:00,
TKT-00901,CUST-0382,ORD-008261,2024-03-13 00:00:00,
TKT-00902,CUST-0383,ORD-008269,2023-09-02 00:00:00,400.0
TKT-00903,CUST-0383,ORD-008273,2024-02-09 00:00:00,400.0
TKT-00904,CUST-0383,ORD-008275,2024-05-30 00:00:00,150.0
TKT-00905,CUST-0384,ORD-008284,2024-01-10 00:00:00,150.0
TKT-00906,CUST-0385,ORD-008300,2024-03-15 00:00:00,150.0
TKT-00907,CUST-0386,ORD-008306,2022-04-20 00:00:00,150.0
TKT-00908,CUST-0386,ORD-008310,2022-10-09 00:00:00,150.0
TKT-00909,CUST-0386,ORD-008312,2022-12-16 00:00:00,150.0
TKT-00910,CUST-0386,ORD-008315,2023-04-06 00:00:00,150.0
TKT-00911,CUST-0386,ORD-008317,2023-06-15 00:00:00,150.0
TKT-00912,CUST-0386,ORD-008323,2024-01-22 00:00:00,400.0
TKT-00913,CUST-0387,ORD-008332,2023-10-17 00:00:00,150.0
TKT-00914,CUST-0391,ORD-008391,2022-03-29 00:00:00,150.0
TKT-00915,CUST-0391,ORD-008392,2022-04-15 00:00:00,150.0
TKT-00916,CUST-0391,ORD-008394,2022-05-11 00:00:00,150.0
TKT-00917,CUST-0391,ORD-008395,2022-06-04 00:00:00,150.0
TKT-00918,CUST-0393,ORD-008418,2024-02-13 00:00:00,150.0
TKT-00919,CUST-0394,ORD-008422,2022-11-09 00:00:00,150.0
TKT-00920,CUST-0394,ORD-008427,2023-04-21 00:00:00,150.0
TKT-00921,CUST-0394,ORD-008429,2023-06-20 00:00:00,150.0
TKT-00922,CUST-0395,ORD-008443,2022-09-22 00:00:00,150.0
TKT-00923,CUST-0398,ORD-008503,2022-09-15 00:00:00,150.0
TKT-00924,CUST-0398,ORD-008510,2023-04-06 00:00:00,150.0
TKT-00925,CUST-0398,ORD-008518,2023-10-05 00:00:00,150.0
TKT-00926,CUST-0398,ORD-008523,2024-02-16 00:00:00,150.0
TKT-00927,CUST-0398,ORD-008525,2024-04-13 00:00:00,150.0
TKT-00928,CUST-0398,ORD-008526,2024-05-13 00:00:00,150.0
TKT-00929,CUST-0399,ORD-008534,2024-05-11 00:00:00,150.0
TKT-00930,CUST-0400,ORD-008539,2022-10-03 00:00:00,
TKT-00931,CUST-0400,ORD-008540,2022-10-15 00:00:00,400.0
TKT-00932,CUST-0400,ORD-008547,2023-01-14 00:00:00,
TKT-00933,CUST-0400,ORD-008552,2023-03-27 00:00:00,150.0
TKT-00934,CUST-0400,ORD-008561,2023-08-09 00:00:00,150.0
TKT-00935,CUST-0400,ORD-008570,2023-12-27 00:00:00,150.0
TKT-00936,CUST-0400,ORD-008580,2024-05-08 00:00:00,400.0
TKT-00937,CUST-0400,ORD-008582,2024-06-02 00:00:00,150.0
TKT-00938,CUST-0400,ORD-008584,2024-06-28 00:00:00,150.0
TKT-00939,CUST-0402,ORD-008622,2022-06-03 00:00:00,150.0
TKT-00940,CUST-0402,ORD-008623,2022-06-13 00:00:00,150.0
TKT-00941,CUST-0402,ORD-008624,2022-06-20 00:00:00,150.0
TKT-00942,CUST-0402,ORD-008629,2022-09-04 00:00:00,150.0
TKT-00943,CUST-0402,ORD-008630,2022-10-01 00:00:00,
TKT-00944,CUST-0402,ORD-008633,2022-12-10 00:00:00,400.0
TKT-00945,CUST-0402,ORD-008634,2023-01-25 00:00:00,150.0
TKT-00946,CUST-0402,ORD-008636,2023-05-26 00:00:00,150.0
TKT-00947,CUST-0404,ORD-008659,2023-06-14 00:00:00,150.0
TKT-00948,CUST-0404,ORD-008665,2023-07-26 00:00:00,150.0
TKT-00949,CUST-0404,ORD-008673,2023-09-21 00:00:00,150.0
TKT-00950,CUST-0404,ORD-008695,2024-02-26 00:00:00,150.0
TKT-00951,CUST-0404,ORD-008711,2024-06-09 00:00:00,150.0
TKT-00952,CUST-0406,ORD-008725,2023-01-28 00:00:00,150.0
TKT-00953,CUST-0410,ORD-008760,2022-11-02 00:00:00,150.0
TKT-00954,CUST-0410,ORD-008770,2023-04-11 00:00:00,150.0
TKT-00955,CUST-0410,ORD-008787,2024-02-21 00:00:00,150.0
TKT-00956,CUST-0410,ORD-008791,2024-05-06 00:00:00,400.0
TKT-00957,CUST-0410,ORD-008794,2024-06-19 00:00:00,150.0
TKT-00958,CUST-0411,ORD-008797,2023-04-27 00:00:00,150.0
TKT-00959,CUST-0411,ORD-008799,2023-12-03 00:00:00,400.0
TKT-00960,CUST-0412,ORD-008800,2023-05-05 00:00:00,150.0
TKT-00961,CUST-0414,ORD-008849,2023-04-24 00:00:00,150.0
TKT-00962,CUST-0414,ORD-008888,2024-04-06 00:00:00,150.0
TKT-00963,CUST-0415,ORD-008905,2023-06-29 00:00:00,150.0
TKT-00964,CUST-0415,ORD-008910,2023-10-01 00:00:00,150.0
TKT-00965,CUST-0415,ORD-008920,2024-03-30 00:00:00,150.0
TKT-00966,CUST-0415,ORD-008923,2024-06-02 00:00:00,150.0
TKT-00967,CUST-0416,ORD-008929,2023-01-01 00:00:00,400.0
TKT-00968,CUST-0417,ORD-008942,2023-07-12 00:00:00,400.0
TKT-00969,CUST-0417,ORD-008943,2023-08-01 00:00:00,150.0
TKT-00970,CUST-0417,ORD-008946,2023-09-21 00:00:00,150.0
TKT-00971,CUST-0417,ORD-008948,2023-10-18 00:00:00,150.0
TKT-00972,CUST-0418,ORD-008968,2022-04-15 00:00:00,150.0
TKT-00973,CUST-0418,ORD-008969,2022-04-22 00:00:00,150.0
TKT-00974,CUST-0418,ORD-008972,2022-05-11 00:00:00,150.0
TKT-00975,CUST-0418,ORD-008975,2022-05-31 00:00:00,150.0
TKT-00976,CUST-0418,ORD-008991,2022-09-13 00:00:00,150.0
TKT-00977,CUST-0418,ORD-008994,2022-10-04 00:00:00,150.0
TKT-00978,CUST-0418,ORD-008996,2022-10-12 00:00:00,400.0
TKT-00979,CUST-0418,ORD-009008,2022-12-30 00:00:00,150.0
TKT-00980,CUST-0418,ORD-009042,2023-07-30 00:00:00,150.0
TKT-00981,CUST-0418,ORD-009044,2023-08-09 00:00:00,150.0
TKT-00982,CUST-0418,ORD-009049,2023-09-08 00:00:00,150.0
TKT-00983,CUST-0418,ORD-009061,2023-11-12 00:00:00,150.0
TKT-00984,CUST-0418,ORD-009067,2023-12-23 00:00:00,400.0
TKT-00985,CUST-0418,ORD-009085,2024-04-15 00:00:00,150.0
TKT-00986,CUST-0419,ORD-009099,2022-12-24 00:00:00,150.0
TKT-00987,CUST-0419,ORD-009102,2023-07-06 00:00:00,150.0
TKT-00988,CUST-0420,ORD-009115,2024-05-23 00:00:00,150.0
TKT-00989,CUST-0425,ORD-009187,2023-01-30 00:00:00,150.0
TKT-00990,CUST-0425,ORD-009195,2023-08-17 00:00:00,150.0
TKT-00991,CUST-0425,ORD-009196,2023-09-18 00:00:00,150.0
TKT-00992,CUST-0425,ORD-009205,2024-03-24 00:00:00,400.0
TKT-00993,CUST-0425,ORD-009206,2024-04-17 00:00:00,400.0
TKT-00994,CUST-0425,ORD-009209,2024-06-28 00:00:00,150.0
TKT-00995,CUST-0426,ORD-009212,2023-06-01 00:00:00,400.0
TKT-00996,CUST-0426,ORD-009215,2023-07-11 00:00:00,150.0
TKT-00997,CUST-0426,ORD-009216,2023-07-31 00:00:00,400.0
TKT-00998,CUST-0427,ORD-009225,2022-06-11 00:00:00,150.0
TKT-00999,CUST-0427,ORD-009226,2022-07-19 00:00:00,150.0
TKT-01000,CUST-0427,ORD-009232,2022-11-30 00:00:00,150.0
TKT-01001,CUST-0427,ORD-009234,2023-01-05 00:00:00,150.0
TKT-01002,CUST-0427,ORD-009242,2023-06-26 00:00:00,150.0
TKT-01003,CUST-0427,ORD-009244,2023-08-09 00:00:00,150.0
TKT-01004,CUST-0427,ORD-009248,2023-11-05 00:00:00,400.0
TKT-01005,CUST-0427,ORD-009249,2023-11-20 00:00:00,150.0
TKT-01006,CUST-0427,ORD-009256,2024-04-20 00:00:00,150.0
TKT-01007,CUST-0427,ORD-009258,2024-06-16 00:00:00,150.0
TKT-01008,CUST-0428,ORD-009262,2023-05-06 00:00:00,150.0
TKT-01009,CUST-0428,ORD-009269,2024-02-21 00:00:00,400.0
TKT-01010,CUST-0428,ORD-009270,2024-04-17 00:00:00,150.0
TKT-01011,CUST-0429,ORD-009278,2023-08-07 00:00:00,150.0
TKT-01012,CUST-0429,ORD-009283,2023-12-03 00:00:00,400.0
TKT-01013,CUST-0429,ORD-009289,2024-04-27 00:00:00,150.0
TKT-01014,CUST-0430,ORD-009294,2023-05-04 00:00:00,150.0
TKT-01015,CUST-0432,ORD-009307,2022-07-23 00:00:00,150.0
TKT-01016,CUST-0432,ORD-009308,2022-08-24 00:00:00,150.0
TKT-01017,CUST-0432,ORD-009314,2023-03-06 00:00:00,400.0
TKT-01018,CUST-0432,ORD-009317,2023-06-30 00:00:00,150.0
TKT-01019,CUST-0432,ORD-009322,2024-01-16 00:00:00,150.0
TKT-01020,CUST-0432,ORD-009326,2024-06-15 00:00:00,150.0
TKT-01021,CUST-0433,ORD-009333,2024-01-13 00:00:00,150.0
TKT-01022,CUST-0435,ORD-009340,2022-06-29 00:00:00,
TKT-01023,CUST-0435,ORD-009358,2024-02-13 00:00:00,150.0
TKT-01024,CUST-0436,ORD-009365,2023-05-09 00:00:00,150.0
TKT-01025,CUST-0436,ORD-009371,2024-03-07 00:00:00,150.0
TKT-01026,CUST-0438,ORD-009395,2024-02-26 00:00:00,150.0
TKT-01027,CUST-0439,ORD-009407,2023-03-20 00:00:00,150.0
TKT-01028,CUST-0439,ORD-009413,2024-02-26 00:00:00,400.0
TKT-01029,CUST-0441,ORD-009419,2022-09-13 00:00:00,400.0
TKT-01030,CUST-0441,ORD-009421,2022-11-01 00:00:00,150.0
TKT-01031,CUST-0444,ORD-009451,2023-08-10 00:00:00,150.0
TKT-01032,CUST-0445,ORD-009455,2023-04-09 00:00:00,150.0
TKT-01033,CUST-0446,ORD-009470,2022-10-02 00:00:00,150.0
TKT-01034,CUST-0446,ORD-009475,2023-04-18 00:00:00,150.0
TKT-01035,CUST-0447,ORD-009493,2022-10-01 00:00:00,150.0
TKT-01036,CUST-0447,ORD-009515,2024-05-21 00:00:00,150.0
TKT-01037,CUST-0448,ORD-009521,2022-12-05 00:00:00,150.0
TKT-01038,CUST-0448,ORD-009528,2023-06-15 00:00:00,150.0
TKT-01039,CUST-0448,ORD-009532,2023-09-08 00:00:00,150.0
TKT-01040,CUST-0449,ORD-009558,2023-09-16 00:00:00,150.0
TKT-01041,CUST-0451,ORD-009580,2023-02-05 00:00:00,400.0
TKT-01042,CUST-0451,ORD-009582,2023-08-19 00:00:00,150.0
TKT-01043,CUST-0452,ORD-009585,2023-07-14 00:00:00,150.0
TKT-01044,CUST-0452,ORD-009591,2024-03-05 00:00:00,400.0
TKT-01045,CUST-0453,ORD-009605,2024-06-05 00:00:00,150.0
TKT-01046,CUST-0455,ORD-009635,2023-06-19 00:00:00,150.0
TKT-01047,CUST-0455,ORD-009638,2023-10-17 00:00:00,150.0
TKT-01048,CUST-0456,ORD-009645,2023-07-04 00:00:00,400.0
TKT-01049,CUST-0456,ORD-009649,2024-02-15 00:00:00,150.0
TKT-01050,CUST-0457,ORD-009653,2023-03-11 00:00:00,400.0
TKT-01051,CUST-0457,ORD-009654,2023-03-31 00:00:00,150.0
TKT-01052,CUST-0457,ORD-009660,2023-09-26 00:00:00,150.0
TKT-01053,CUST-0457,ORD-009663,2023-12-24 00:00:00,150.0
TKT-01054,CUST-0458,ORD-009675,2024-01-25 00:00:00,400.0
TKT-01055,CUST-0459,ORD-009681,2022-11-24 00:00:00,150.0
TKT-01056,CUST-0459,ORD-009682,2023-01-05 00:00:00,150.0
TKT-01057,CUST-0459,ORD-009683,2023-01-31 00:00:00,400.0
TKT-01058,CUST-0459,ORD-009695,2024-01-31 00:00:00,400.0
TKT-01059,CUST-0459,ORD-009696,2024-03-07 00:00:00,150.0
TKT-01060,CUST-0459,ORD-009699,2024-05-25 00:00:00,400.0
TKT-01061,CUST-0460,ORD-009703,2022-09-28 00:00:00,150.0
TKT-01062,CUST-0460,ORD-009705,2023-02-07 00:00:00,400.0
TKT-01063,CUST-0460,ORD-009707,2023-08-25 00:00:00,150.0
TKT-01064,CUST-0461,ORD-009723,2023-10-21 00:00:00,150.0
TKT-01065,CUST-0461,ORD-009725,2023-12-11 00:00:00,150.0
TKT-01066,CUST-0462,ORD-009741,2023-09-16 00:00:00,150.0
TKT-01067,CUST-0464,ORD-009754,2023-04-20 00:00:00,150.0
TKT-01068,CUST-0464,ORD-009755,2023-05-14 00:00:00,150.0
TKT-01069,CUST-0464,ORD-009757,2023-07-07 00:00:00,150.0
TKT-01070,CUST-0464,ORD-009759,2023-09-04 00:00:00,400.0
TKT-01071,CUST-0464,ORD-009763,2023-12-21 00:00:00,400.0
TKT-01072,CUST-0464,ORD-009765,2024-02-23 00:00:00,150.0
TKT-01073,CUST-0464,ORD-009769,2024-05-23 00:00:00,150.0
TKT-01074,CUST-0465,ORD-009782,2023-03-30 00:00:00,150.0
TKT-01075,CUST-0465,ORD-009790,2023-09-15 00:00:00,400.0
TKT-01076,CUST-0465,ORD-009792,2023-10-14 00:00:00,150.0
TKT-01077,CUST-0466,ORD-009808,2023-05-25 00:00:00,150.0
TKT-01078,CUST-0466,ORD-009812,2023-07-05 00:00:00,150.0
TKT-01079,CUST-0466,ORD-009814,2023-07-21 00:00:00,150.0
TKT-01080,CUST-0466,ORD-009835,2024-01-24 00:00:00,150.0
TKT-01081,CUST-0466,ORD-009838,2024-02-18 00:00:00,150.0
TKT-01082,CUST-0466,ORD-009839,2024-02-28 00:00:00,150.0
TKT-01083,CUST-0467,ORD-009872,2023-06-14 00:00:00,150.0
TKT-01084,CUST-0467,ORD-009878,2023-07-20 00:00:00,150.0
TKT-01085,CUST-0467,ORD-009889,2023-09-29 00:00:00,400.0
TKT-01086,CUST-0467,ORD-009900,2023-12-05 00:00:00,150.0
TKT-01087,CUST-0467,ORD-009907,2024-01-19 00:00:00,400.0
TKT-01088,CUST-0467,ORD-009916,2024-03-17 00:00:00,150.0
TKT-01089,CUST-0467,ORD-009929,2024-06-05 00:00:00,150.0
TKT-01090,CUST-0467,ORD-009933,2024-06-27 00:00:00,400.0
TKT-01091,CUST-0468,ORD-009946,2022-11-24 00:00:00,150.0
TKT-01092,CUST-0468,ORD-009949,2022-12-17 00:00:00,150.0
TKT-01093,CUST-0468,ORD-009950,2022-12-24 00:00:00,150.0
TKT-01094,CUST-0468,ORD-009951,2023-01-01 00:00:00,150.0
TKT-01095,CUST-0468,ORD-009954,2023-01-22 00:00:00,150.0
TKT-01096,CUST-0468,ORD-009956,2023-02-03 00:00:00,150.0
TKT-01097,CUST-0468,ORD-009976,2023-06-15 00:00:00,150.0
TKT-01098,CUST-0468,ORD-009981,2023-07-17 00:00:00,400.0
TKT-01099,CUST-0468,ORD-009983,2023-08-04 00:00:00,150.0
TKT-01100,CUST-0468,ORD-009986,2023-08-26 00:00:00,150.0
TKT-01101,CUST-0468,ORD-009993,2023-10-23 00:00:00,150.0
TKT-01102,CUST-0468,ORD-009994,2023-10-30 00:00:00,150.0
TKT-01103,CUST-0468,ORD-010011,2024-02-28 00:00:00,400.0
TKT-01104,CUST-0468,ORD-010015,2024-03-22 00:00:00,150.0
TKT-01105,CUST-0468,ORD-010017,2024-04-05 00:00:00,150.0
TKT-01106,CUST-0468,ORD-010022,2024-05-17 00:00:00,400.0
TKT-01107,CUST-0468,ORD-010024,2024-06-03 00:00:00,150.0
TKT-01108,CUST-0469,ORD-010042,2023-03-21 00:00:00,150.0
TKT-01109,CUST-0469,ORD-010049,2023-05-09 00:00:00,150.0
TKT-01110,CUST-0469,ORD-010050,2023-05-16 00:00:00,150.0
TKT-01111,CUST-0469,ORD-010066,2023-08-20 00:00:00,
TKT-01112,CUST-0469,ORD-010069,2023-09-06 00:00:00,150.0
TKT-01113,CUST-0469,ORD-010070,2023-09-10 00:00:00,150.0
TKT-01114,CUST-0469,ORD-010079,2023-11-09 00:00:00,150.0
TKT-01115,CUST-0469,ORD-010095,2024-03-01 00:00:00,150.0
TKT-01116,CUST-0469,ORD-010103,2024-04-23 00:00:00,400.0
TKT-01117,CUST-0469,ORD-010108,2024-05-25 00:00:00,150.0
TKT-01118,CUST-0469,ORD-010112,2024-06-21 00:00:00,150.0
TKT-01119,CUST-0470,ORD-010128,2023-12-14 00:00:00,150.0
TKT-01120,CUST-0470,ORD-010129,2024-01-28 00:00:00,150.0
TKT-01121,CUST-0471,ORD-010135,2022-08-13 00:00:00,150.0
TKT-01122,CUST-0472,ORD-010148,2023-11-03 00:00:00,
TKT-01123,CUST-0475,ORD-010183,2022-10-08 00:00:00,150.0
TKT-01124,CUST-0475,ORD-010192,2023-04-22 00:00:00,150.0
TKT-01125,CUST-0475,ORD-010198,2023-08-20 00:00:00,400.0
TKT-01126,CUST-0475,ORD-010202,2023-11-10 00:00:00,150.0
TKT-01127,CUST-0475,ORD-010204,2024-01-05 00:00:00,150.0
TKT-01128,CUST-0475,ORD-010209,2024-04-27 00:00:00,150.0
TKT-01129,CUST-0477,ORD-010232,2023-01-19 00:00:00,150.0
TKT-01130,CUST-0477,ORD-010251,2024-05-19 00:00:00,150.0
TKT-01131,CUST-0479,ORD-010275,2023-09-27 00:00:00,150.0
TKT-01132,CUST-0479,ORD-010276,2023-12-10 00:00:00,400.0
TKT-01133,CUST-0480,ORD-010278,2022-12-31 00:00:00,150.0
TKT-01134,CUST-0480,ORD-010281,2023-06-07 00:00:00,150.0
TKT-01135,CUST-0481,ORD-010288,2022-07-30 00:00:00,150.0
TKT-01136,CUST-0481,ORD-010289,2022-08-16 00:00:00,150.0
TKT-01137,CUST-0481,ORD-010297,2023-01-21 00:00:00,150.0
TKT-01138,CUST-0481,ORD-010312,2023-11-20 00:00:00,150.0
TKT-01139,CUST-0481,ORD-010321,2024-05-10 00:00:00,150.0
TKT-01140,CUST-0483,ORD-010356,2023-02-19 00:00:00,150.0
TKT-01141,CUST-0483,ORD-010359,2023-04-23 00:00:00,400.0
TKT-01142,CUST-0483,ORD-010372,2024-01-19 00:00:00,150.0
TKT-01143,CUST-0483,ORD-010380,2024-06-17 00:00:00,150.0
TKT-01144,CUST-0484,ORD-010384,2022-09-04 00:00:00,150.0
TKT-01145,CUST-0484,ORD-010391,2023-07-04 00:00:00,150.0
TKT-01146,CUST-0484,ORD-010393,2023-11-13 00:00:00,150.0
TKT-01147,CUST-0484,ORD-010395,2024-06-17 00:00:00,400.0
TKT-01148,CUST-0485,ORD-010403,2022-12-20 00:00:00,150.0
TKT-01149,CUST-0485,ORD-010408,2023-03-30 00:00:00,150.0
TKT-01150,CUST-0485,ORD-010410,2023-05-08 00:00:00,150.0
TKT-01151,CUST-0485,ORD-010412,2023-06-14 00:00:00,400.0
TKT-01152,CUST-0485,ORD-010422,2024-01-15 00:00:00,400.0
TKT-01153,CUST-0485,ORD-010430,2024-06-11 00:00:00,150.0
TKT-01154,CUST-0486,ORD-010431,2022-07-21 00:00:00,400.0
TKT-01155,CUST-0487,ORD-010442,2023-04-13 00:00:00,150.0
TKT-01156,CUST-0489,ORD-010464,2023-08-12 00:00:00,150.0
TKT-01157,CUST-0490,ORD-010480,2023-02-15 00:00:00,150.0
TKT-01158,CUST-0490,ORD-010482,2023-03-25 00:00:00,150.0
TKT-01159,CUST-0492,ORD-010520,2024-02-22 00:00:00,
TKT-01160,CUST-0495,ORD-010553,2023-02-16 00:00:00,400.0
TKT-01161,CUST-0495,ORD-010554,2023-04-01 00:00:00,150.0
TKT-01162,CUST-0495,ORD-010562,2024-01-31 00:00:00,150.0
TKT-01163,CUST-0496,ORD-010587,2024-03-29 00:00:00,150.0
TKT-01164,CUST-0496,ORD-010588,2024-04-25 00:00:00,150.0
TKT-01165,CUST-0497,ORD-010597,2023-03-20 00:00:00,150.0
TKT-01166,CUST-0497,ORD-010601,2023-06-28 00:00:00,150.0
TKT-01167,CUST-0497,ORD-010604,2023-09-17 00:00:00,400.0
TKT-01168,CUST-0497,ORD-010605,2023-10-14 00:00:00,150.0
TKT-01169,CUST-0497,ORD-010608,2023-12-28 00:00:00,150.0
TKT-01170,CUST-0497,ORD-010609,2024-01-23 00:00:00,400.0
TKT-01171,CUST-0497,ORD-010610,2024-02-11 00:00:00,150.0
TKT-01172,CUST-0497,ORD-010611,2024-03-12 00:00:00,150.0
TKT-01173,CUST-0499,ORD-010634,2023-07-05 00:00:00,150.0
TKT-01174,CUST-0501,ORD-010668,2023-05-12 00:00:00,150.0
TKT-01175,CUST-0501,ORD-010673,2024-02-22 00:00:00,150.0
TKT-01176,CUST-0501,ORD-010674,2024-04-19 00:00:00,150.0
TKT-01177,CUST-0501,ORD-010675,2024-06-23 00:00:00,150.0
TKT-01178,CUST-0504,ORD-010712,2023-10-08 00:00:00,150.0
TKT-01179,CUST-0504,ORD-010715,2024-06-10 00:00:00,150.0
TKT-01180,CUST-0505,ORD-010725,2023-03-14 00:00:00,150.0
TKT-01181,CUST-0505,ORD-010727,2023-06-05 00:00:00,150.0
TKT-01182,CUST-0506,ORD-010739,2023-02-09 00:00:00,150.0
TKT-01183,CUST-0509,ORD-010769,2022-09-09 00:00:00,150.0
TKT-01184,CUST-0510,ORD-010805,2023-07-28 00:00:00,400.0
TKT-01185,CUST-0510,ORD-010806,2023-08-30 00:00:00,150.0
TKT-01186,CUST-0511,ORD-010836,2023-08-08 00:00:00,150.0
TKT-01187,CUST-0511,ORD-010842,2023-10-31 00:00:00,150.0
TKT-01188,CUST-0511,ORD-010848,2024-02-05 00:00:00,150.0
TKT-01189,CUST-0512,ORD-010858,2023-04-20 00:00:00,150.0
TKT-01190,CUST-0512,ORD-010860,2023-09-08 00:00:00,150.0
TKT-01191,CUST-0512,ORD-010862,2024-02-09 00:00:00,150.0
TKT-01192,CUST-0512,ORD-010863,2024-05-16 00:00:00,150.0
TKT-01193,CUST-0513,ORD-010864,2023-05-24 00:00:00,150.0
TKT-01194,CUST-0516,ORD-010910,2022-06-06 00:00:00,150.0
TKT-01195,CUST-0516,ORD-010913,2022-11-23 00:00:00,150.0
TKT-01196,CUST-0520,ORD-010948,2023-05-25 00:00:00,150.0
TKT-01197,CUST-0521,ORD-010953,2022-06-02 00:00:00,150.0
TKT-01198,CUST-0521,ORD-010954,2022-08-02 00:00:00,150.0
TKT-01199,CUST-0521,ORD-010965,2024-01-30 00:00:00,150.0
TKT-01200,CUST-0523,ORD-010976,2023-05-19 00:00:00,150.0
TKT-01201,CUST-0523,ORD-010980,2023-09-27 00:00:00,150.0
TKT-01202,CUST-0525,ORD-011026,2023-02-06 00:00:00,150.0
TKT-01203,CUST-0525,ORD-011032,2023-09-08 00:00:00,400.0
TKT-01204,CUST-0525,ORD-011033,2023-10-25 00:00:00,150.0
TKT-01205,CUST-0527,ORD-011052,2023-01-26 00:00:00,400.0
TKT-01206,CUST-0527,ORD-011061,2023-07-11 00:00:00,150.0
TKT-01207,CUST-0529,ORD-011095,2023-04-16 00:00:00,150.0
TKT-01208,CUST-0530,ORD-011110,2022-01-30 00:00:00,150.0
TKT-01209,CUST-0530,ORD-011125,2022-06-20 00:00:00,150.0
TKT-01210,CUST-0530,ORD-011143,2022-12-03 00:00:00,150.0
TKT-01211,CUST-0530,ORD-011183,2023-12-07 00:00:00,150.0
TKT-01212,CUST-0530,ORD-011196,2024-03-29 00:00:00,150.0
TKT-01213,CUST-0531,ORD-011214,2023-10-28 00:00:00,150.0
TKT-01214,CUST-0532,ORD-011225,2023-09-16 00:00:00,400.0
TKT-01215,CUST-0532,ORD-011227,2024-03-13 00:00:00,150.0
TKT-01216,CUST-0533,ORD-011239,2023-11-03 00:00:00,150.0
TKT-01217,CUST-0535,ORD-011280,2022-08-14 00:00:00,150.0
TKT-01218,CUST-0535,ORD-011285,2022-12-04 00:00:00,150.0
TKT-01219,CUST-0535,ORD-011287,2023-01-16 00:00:00,400.0
TKT-01220,CUST-0535,ORD-011302,2023-11-22 00:00:00,400.0
TKT-01221,CUST-0535,ORD-011310,2024-05-04 00:00:00,400.0
TKT-01222,CUST-0536,ORD-011323,2023-11-18 00:00:00,
TKT-01223,CUST-0537,ORD-011332,2022-07-17 00:00:00,400.0
TKT-01224,CUST-0537,ORD-011340,2023-02-14 00:00:00,150.0
TKT-01225,CUST-0538,ORD-011362,2022-03-16 00:00:00,150.0
TKT-01226,CUST-0538,ORD-011384,2023-03-13 00:00:00,150.0
TKT-01227,CUST-0538,ORD-011408,2024-03-10 00:00:00,150.0
TKT-01228,CUST-0539,ORD-011415,2022-01-27 00:00:00,400.0
TKT-01229,CUST-0539,ORD-011416,2022-02-08 00:00:00,150.0
TKT-01230,CUST-0539,ORD-011436,2023-03-01 00:00:00,150.0
TKT-01231,CUST-0539,ORD-011437,2023-03-17 00:00:00,150.0
TKT-01232,CUST-0541,ORD-011465,2022-08-29 00:00:00,150.0
TKT-01233,CUST-0542,ORD-011480,2023-07-22 00:00:00,150.0
TKT-01234,CUST-0542,ORD-011483,2024-03-26 00:00:00,150.0
TKT-01235,CUST-0543,ORD-011489,2023-04-16 00:00:00,150.0
TKT-01236,CUST-0544,ORD-011504,2024-02-20 00:00:00,150.0
TKT-01237,CUST-0545,ORD-011531,2023-12-11 00:00:00,150.0
TKT-01238,CUST-0546,ORD-011538,2023-03-18 00:00:00,150.0
TKT-01239,CUST-0546,ORD-011599,2024-04-27 00:00:00,150.0
TKT-01240,CUST-0547,ORD-011613,2022-12-10 00:00:00,150.0
TKT-01241,CUST-0547,ORD-011614,2022-12-25 00:00:00,400.0
TKT-01242,CUST-0547,ORD-011616,2023-01-30 00:00:00,400.0
TKT-01243,CUST-0550,ORD-011666,2023-02-07 00:00:00,400.0
TKT-01244,CUST-0550,ORD-011668,2023-05-04 00:00:00,150.0
TKT-01245,CUST-0550,ORD-011677,2024-04-08 00:00:00,150.0
TKT-01246,CUST-0551,ORD-011687,2023-04-01 00:00:00,150.0
TKT-01247,CUST-0551,ORD-011689,2023-07-09 00:00:00,400.0
TKT-01248,CUST-0551,ORD-011693,2024-06-12 00:00:00,150.0
TKT-01249,CUST-0553,ORD-011723,2024-04-16 00:00:00,400.0
TKT-01250,CUST-0555,ORD-011751,2023-04-13 00:00:00,150.0
TKT-01251,CUST-0555,ORD-011760,2023-12-07 00:00:00,150.0
TKT-01252,CUST-0556,ORD-011768,2022-09-10 00:00:00,150.0
TKT-01253,CUST-0556,ORD-011771,2022-11-10 00:00:00,150.0
TKT-01254,CUST-0556,ORD-011772,2022-12-08 00:00:00,150.0
TKT-01255,CUST-0556,ORD-011775,2023-03-06 00:00:00,150.0
TKT-01256,CUST-0556,ORD-011777,2023-04-25 00:00:00,150.0
TKT-01257,CUST-0556,ORD-011780,2023-07-11 00:00:00,150.0
TKT-01258,CUST-0556,ORD-011784,2023-10-20 00:00:00,400.0
TKT-01259,CUST-0557,ORD-011794,2022-10-11 00:00:00,150.0
TKT-01260,CUST-0557,ORD-011796,2022-12-28 00:00:00,150.0
TKT-01261,CUST-0557,ORD-011798,2023-04-26 00:00:00,150.0
TKT-01262,CUST-0558,ORD-011803,2022-03-10 00:00:00,150.0
TKT-01263,CUST-0559,ORD-011806,2023-02-27 00:00:00,150.0
TKT-01264,CUST-0560,ORD-011826,2023-04-28 00:00:00,400.0
TKT-01265,CUST-0560,ORD-011830,2023-07-05 00:00:00,400.0
TKT-01266,CUST-0560,ORD-011837,2023-11-18 00:00:00,400.0
TKT-01267,CUST-0560,ORD-011842,2024-02-13 00:00:00,
TKT-01268,CUST-0560,ORD-011844,2024-03-22 00:00:00,150.0
TKT-01269,CUST-0560,ORD-011846,2024-05-03 00:00:00,150.0
TKT-01270,CUST-0562,ORD-011863,2022-06-26 00:00:00,150.0
TKT-01271,CUST-0562,ORD-011867,2022-10-19 00:00:00,150.0
TKT-01272,CUST-0562,ORD-011877,2023-09-10 00:00:00,150.0
TKT-01273,CUST-0562,ORD-011879,2023-11-08 00:00:00,150.0
TKT-01274,CUST-0564,ORD-011909,2022-10-18 00:00:00,150.0
TKT-01275,CUST-0565,ORD-011918,2023-05-07 00:00:00,400.0
TKT-01276,CUST-0565,ORD-011919,2023-05-31 00:00:00,
TKT-01277,CUST-0566,ORD-011932,2022-07-19 00:00:00,150.0
TKT-01278,CUST-0566,ORD-011938,2023-02-01 00:00:00,150.0
TKT-01279,CUST-0567,ORD-011961,2023-04-29 00:00:00,150.0
TKT-01280,CUST-0567,ORD-011966,2023-07-07 00:00:00,400.0
TKT-01281,CUST-0567,ORD-011991,2024-06-18 00:00:00,150.0
TKT-01282,CUST-0569,ORD-012008,2023-02-14 00:00:00,150.0
TKT-01283,CUST-0569,ORD-012011,2023-07-06 00:00:00,150.0
TKT-01284,CUST-0569,ORD-012012,2023-09-05 00:00:00,
TKT-01285,CUST-0571,ORD-012025,2022-06-02 00:00:00,150.0
TKT-01286,CUST-0571,ORD-012030,2022-07-08 00:00:00,150.0
TKT-01287,CUST-0571,ORD-012035,2022-08-05 00:00:00,400.0
TKT-01288,CUST-0571,ORD-012039,2022-08-29 00:00:00,150.0
TKT-01289,CUST-0571,ORD-012045,2022-10-04 00:00:00,150.0
TKT-01290,CUST-0571,ORD-012047,2022-10-18 00:00:00,150.0
TKT-01291,CUST-0571,ORD-012055,2022-12-06 00:00:00,
TKT-01292,CUST-0571,ORD-012060,2023-01-13 00:00:00,
TKT-01293,CUST-0571,ORD-012073,2023-04-10 00:00:00,150.0
TKT-01294,CUST-0571,ORD-012080,2023-05-26 00:00:00,150.0
TKT-01295,CUST-0571,ORD-012094,2023-08-24 00:00:00,150.0
TKT-01296,CUST-0571,ORD-012097,2023-09-10 00:00:00,150.0
TKT-01297,CUST-0571,ORD-012104,2023-10-27 00:00:00,150.0
TKT-01298,CUST-0571,ORD-012109,2023-11-29 00:00:00,150.0
TKT-01299,CUST-0571,ORD-012125,2024-03-05 00:00:00,150.0
TKT-01300,CUST-0571,ORD-012134,2024-04-26 00:00:00,150.0
TKT-01301,CUST-0571,ORD-012136,2024-05-09 00:00:00,400.0
TKT-01302,CUST-0571,ORD-012139,2024-05-29 00:00:00,400.0
TKT-01303,CUST-0571,ORD-012141,2024-06-10 00:00:00,150.0
TKT-01304,CUST-0572,ORD-012154,2023-09-12 00:00:00,150.0
TKT-01305,CUST-0573,ORD-012165,2022-11-18 00:00:00,400.0
TKT-01306,CUST-0573,ORD-012168,2022-12-06 00:00:00,150.0
TKT-01307,CUST-0573,ORD-012170,2022-12-20 00:00:00,400.0
TKT-01308,CUST-0573,ORD-012176,2023-01-31 00:00:00,400.0
TKT-01309,CUST-0573,ORD-012177,2023-02-06 00:00:00,150.0
TKT-01310,CUST-0573,ORD-012188,2023-04-17 00:00:00,400.0
TKT-01311,CUST-0573,ORD-012192,2023-05-15 00:00:00,150.0
TKT-01312,CUST-0573,ORD-012196,2023-06-15 00:00:00,150.0
TKT-01313,CUST-0573,ORD-012198,2023-06-30 00:00:00,150.0
TKT-01314,CUST-0573,ORD-012203,2023-08-05 00:00:00,150.0
TKT-01315,CUST-0573,ORD-012207,2023-09-04 00:00:00,400.0
TKT-01316,CUST-0573,ORD-012214,2023-10-15 00:00:00,150.0
TKT-01317,CUST-0573,ORD-012217,2023-11-06 00:00:00,150.0
TKT-01318,CUST-0573,ORD-012219,2023-11-17 00:00:00,150.0
TKT-01319,CUST-0573,ORD-012220,2023-11-24 00:00:00,150.0
TKT-01320,CUST-0573,ORD-012226,2024-01-01 00:00:00,150.0
TKT-01321,CUST-0573,ORD-012227,2024-01-06 00:00:00,150.0
TKT-01322,CUST-0573,ORD-012230,2024-01-26 00:00:00,400.0
TKT-01323,CUST-0573,ORD-012237,2024-03-19 00:00:00,150.0
TKT-01324,CUST-0573,ORD-012241,2024-04-21 00:00:00,150.0
TKT-01325,CUST-0573,ORD-012244,2024-05-09 00:00:00,400.0
TKT-01326,CUST-0573,ORD-012246,2024-05-19 00:00:00,
TKT-01327,CUST-0573,ORD-012250,2024-06-14 00:00:00,400.0
TKT-01328,CUST-0574,ORD-012264,2023-04-07 00:00:00,150.0
TKT-01329,CUST-0574,ORD-012268,2023-07-22 00:00:00,150.0
TKT-01330,CUST-0574,ORD-012272,2023-11-21 00:00:00,150.0
TKT-01331,CUST-0574,ORD-012275,2024-02-15 00:00:00,400.0
TKT-01332,CUST-0575,ORD-012288,2022-05-30 00:00:00,150.0
TKT-01333,CUST-0575,ORD-012293,2022-07-03 00:00:00,150.0
TKT-01334,CUST-0575,ORD-012305,2022-09-16 00:00:00,150.0
TKT-01335,CUST-0575,ORD-012306,2022-09-21 00:00:00,400.0
TKT-01336,CUST-0575,ORD-012320,2023-01-06 00:00:00,150.0
TKT-01337,CUST-0575,ORD-012329,2023-03-10 00:00:00,150.0
TKT-01338,CUST-0575,ORD-012337,2023-04-30 00:00:00,150.0
TKT-01339,CUST-0575,ORD-012350,2023-07-25 00:00:00,150.0
TKT-01340,CUST-0575,ORD-012357,2023-09-12 00:00:00,150.0
TKT-01341,CUST-0575,ORD-012368,2023-11-21 00:00:00,150.0
TKT-01342,CUST-0575,ORD-012370,2023-12-03 00:00:00,150.0
TKT-01343,CUST-0575,ORD-012374,2023-12-30 00:00:00,150.0
TKT-01344,CUST-0575,ORD-012383,2024-02-29 00:00:00,150.0
TKT-01345,CUST-0575,ORD-012385,2024-03-14 00:00:00,150.0
TKT-01346,CUST-0575,ORD-012387,2024-03-28 00:00:00,
TKT-01347,CUST-0575,ORD-012392,2024-05-01 00:00:00,150.0
TKT-01348,CUST-0576,ORD-012430,2023-01-08 00:00:00,400.0
TKT-01349,CUST-0576,ORD-012431,2023-01-17 00:00:00,400.0
TKT-01350,CUST-0576,ORD-012432,2023-01-29 00:00:00,400.0
TKT-01351,CUST-0576,ORD-012439,2023-03-26 00:00:00,150.0
TKT-01352,CUST-0576,ORD-012456,2023-08-13 00:00:00,150.0
TKT-01353,CUST-0576,ORD-012463,2023-10-08 00:00:00,150.0
TKT-01354,CUST-0576,ORD-012488,2024-05-16 00:00:00,150.0
TKT-01355,CUST-0576,ORD-012490,2024-05-29 00:00:00,150.0
TKT-01356,CUST-0577,ORD-012508,2024-02-08 00:00:00,400.0
TKT-01357,CUST-0577,ORD-012511,2024-05-22 00:00:00,150.0
TKT-01358,CUST-0579,ORD-012526,2023-02-10 00:00:00,150.0
TKT-01359,CUST-0579,ORD-012528,2023-03-07 00:00:00,150.0
TKT-01360,CUST-0579,ORD-012531,2023-04-07 00:00:00,150.0
TKT-01361,CUST-0579,ORD-012552,2024-02-12 00:00:00,150.0
TKT-01362,CUST-0580,ORD-012563,2022-05-26 00:00:00,150.0
TKT-01363,CUST-0580,ORD-012566,2022-09-10 00:00:00,150.0
TKT-01364,CUST-0580,ORD-012569,2022-12-23 00:00:00,400.0
TKT-01365,CUST-0580,ORD-012577,2023-10-03 00:00:00,400.0
TKT-01366,CUST-0580,ORD-012581,2024-02-12 00:00:00,150.0
TKT-01367,CUST-0581,ORD-012591,2022-07-14 00:00:00,150.0
TKT-01368,CUST-0581,ORD-012599,2024-01-08 00:00:00,150.0
TKT-01369,CUST-0582,ORD-012616,2023-07-16 00:00:00,150.0
TKT-01370,CUST-0582,ORD-012630,2024-06-11 00:00:00,150.0
TKT-01371,CUST-0585,ORD-012673,2023-01-16 00:00:00,400.0
TKT-01372,CUST-0585,ORD-012695,2023-06-19 00:00:00,400.0
TKT-01373,CUST-0585,ORD-012701,2023-07-30 00:00:00,400.0
TKT-01374,CUST-0585,ORD-012712,2023-10-14 00:00:00,150.0
TKT-01375,CUST-0585,ORD-012716,2023-11-11 00:00:00,400.0
TKT-01376,CUST-0585,ORD-012718,2023-11-17 00:00:00,400.0
TKT-01377,CUST-0585,ORD-012720,2023-12-03 00:00:00,150.0
TKT-01378,CUST-0585,ORD-012725,2024-01-01 00:00:00,150.0
TKT-01379,CUST-0585,ORD-012726,2024-01-04 00:00:00,150.0
TKT-01380,CUST-0585,ORD-012731,2024-02-04 00:00:00,150.0
TKT-01381,CUST-0585,ORD-012741,2024-04-10 00:00:00,400.0
TKT-01382,CUST-0585,ORD-012743,2024-04-29 00:00:00,400.0
TKT-01383,CUST-0585,ORD-012751,2024-06-22 00:00:00,150.0
TKT-01384,CUST-0586,ORD-012755,2023-03-25 00:00:00,150.0
TKT-01385,CUST-0586,ORD-012759,2023-09-02 00:00:00,150.0
TKT-01386,CUST-0586,ORD-012761,2023-11-17 00:00:00,150.0
TKT-01387,CUST-0586,ORD-012765,2024-05-19 00:00:00,150.0
TKT-01388,CUST-0587,ORD-012766,2022-03-20 00:00:00,150.0
TKT-01389,CUST-0589,ORD-012790,2023-02-23 00:00:00,
TKT-01390,CUST-0589,ORD-012793,2023-12-03 00:00:00,150.0
TKT-01391,CUST-0590,ORD-012794,2022-03-13 00:00:00,150.0
TKT-01392,CUST-0590,ORD-012799,2022-04-21 00:00:00,150.0
TKT-01393,CUST-0590,ORD-012806,2022-06-20 00:00:00,400.0
TKT-01394,CUST-0590,ORD-012812,2022-08-24 00:00:00,150.0
TKT-01395,CUST-0590,ORD-012816,2022-10-06 00:00:00,400.0
TKT-01396,CUST-0590,ORD-012819,2022-11-09 00:00:00,150.0
TKT-01397,CUST-0590,ORD-012821,2022-11-29 00:00:00,150.0
TKT-01398,CUST-0590,ORD-012824,2022-12-23 00:00:00,150.0
TKT-01399,CUST-0590,ORD-012834,2023-04-05 00:00:00,400.0
TKT-01400,CUST-0590,ORD-012835,2023-04-18 00:00:00,150.0
TKT-01401,CUST-0590,ORD-012839,2023-05-23 00:00:00,150.0
TKT-01402,CUST-0590,ORD-012844,2023-07-09 00:00:00,150.0
TKT-01403,CUST-0590,ORD-012845,2023-07-20 00:00:00,400.0
TKT-01404,CUST-0590,ORD-012846,2023-07-26 00:00:00,150.0
TKT-01405,CUST-0590,ORD-012848,2023-08-17 00:00:00,400.0
TKT-01406,CUST-0590,ORD-012854,2023-10-07 00:00:00,150.0
TKT-01407,CUST-0590,ORD-012879,2024-06-13 00:00:00,150.0
TKT-01408,CUST-0591,ORD-012888,2023-04-28 00:00:00,400.0
TKT-01409,CUST-0591,ORD-012896,2023-06-23 00:00:00,150.0
TKT-01410,CUST-0591,ORD-012898,2023-07-10 00:00:00,150.0
TKT-01411,CUST-0591,ORD-012902,2023-08-07 00:00:00,150.0
TKT-01412,CUST-0591,ORD-012904,2023-08-22 00:00:00,150.0
TKT-01413,CUST-0591,ORD-012905,2023-08-25 00:00:00,150.0
TKT-01414,CUST-0591,ORD-012908,2023-09-22 00:00:00,400.0
TKT-01415,CUST-0591,ORD-012937,2024-04-30 00:00:00,400.0
TKT-01416,CUST-0592,ORD-012954,2023-02-14 00:00:00,150.0
TKT-01417,CUST-0592,ORD-012963,2023-12-21 00:00:00,150.0
TKT-01418,CUST-0593,ORD-012978,2023-06-02 00:00:00,150.0
TKT-01419,CUST-0593,ORD-012990,2023-08-12 00:00:00,150.0
TKT-01420,CUST-0593,ORD-012998,2023-10-03 00:00:00,150.0
TKT-01421,CUST-0593,ORD-013014,2024-01-19 00:00:00,150.0
TKT-01422,CUST-0593,ORD-013022,2024-03-14 00:00:00,150.0
TKT-01423,CUST-0593,ORD-013029,2024-05-02 00:00:00,150.0
TKT-01424,CUST-0593,ORD-013030,2024-05-08 00:00:00,150.0
TKT-01425,CUST-0594,ORD-013039,2023-05-06 00:00:00,400.0
TKT-01426,CUST-0595,ORD-013047,2022-05-09 00:00:00,150.0
TKT-01427,CUST-0595,ORD-013056,2022-07-06 00:00:00,150.0
TKT-01428,CUST-0595,ORD-013062,2022-08-15 00:00:00,
TKT-01429,CUST-0595,ORD-013067,2022-09-16 00:00:00,150.0
TKT-01430,CUST-0595,ORD-013072,2022-10-15 00:00:00,150.0
TKT-01431,CUST-0595,ORD-013075,2022-11-06 00:00:00,150.0
TKT-01432,CUST-0595,ORD-013077,2022-11-21 00:00:00,
TKT-01433,CUST-0595,ORD-013082,2022-12-21 00:00:00,150.0
TKT-01434,CUST-0595,ORD-013086,2023-01-15 00:00:00,150.0
TKT-01435,CUST-0595,ORD-013100,2023-04-17 00:00:00,150.0
TKT-01436,CUST-0595,ORD-013105,2023-05-15 00:00:00,150.0
TKT-01437,CUST-0595,ORD-013111,2023-06-21 00:00:00,150.0
TKT-01438,CUST-0595,ORD-013125,2023-09-24 00:00:00,150.0
TKT-01439,CUST-0595,ORD-013161,2024-05-12 00:00:00,150.0
TKT-01440,CUST-0595,ORD-013165,2024-06-09 00:00:00,150.0
TKT-01441,CUST-0596,ORD-013172,2023-03-12 00:00:00,150.0
TKT-01442,CUST-0596,ORD-013173,2023-03-31 00:00:00,150.0
TKT-01443,CUST-0596,ORD-013179,2023-09-08 00:00:00,150.0
TKT-01444,CUST-0596,ORD-013181,2023-10-28 00:00:00,150.0
TKT-01445,CUST-0596,ORD-013184,2024-01-14 00:00:00,150.0
TKT-01446,CUST-0596,ORD-013190,2024-06-10 00:00:00,150.0
TKT-01447,CUST-0597,ORD-013195,2023-01-31 00:00:00,150.0
TKT-01448,CUST-0598,ORD-013207,2023-01-31 00:00:00,400.0
TKT-01449,CUST-0598,ORD-013214,2023-04-21 00:00:00,150.0
TKT-01450,CUST-0598,ORD-013219,2023-06-18 00:00:00,150.0
TKT-01451,CUST-0598,ORD-013224,2023-08-20 00:00:00,150.0
TKT-01452,CUST-0598,ORD-013235,2024-01-01 00:00:00,150.0
TKT-01453,CUST-0598,ORD-013244,2024-04-07 00:00:00,150.0
TKT-01454,CUST-0600,ORD-013268,2024-06-04 00:00:00,150.0
TKT-01455,CUST-0601,ORD-013271,2023-05-01 00:00:00,150.0
TKT-01456,CUST-0602,ORD-013284,2023-01-04 00:00:00,150.0
TKT-01457,CUST-0602,ORD-013285,2023-02-18 00:00:00,150.0
TKT-01458,CUST-0602,ORD-013287,2023-04-18 00:00:00,150.0
TKT-01459,CUST-0602,ORD-013290,2023-08-05 00:00:00,150.0
TKT-01460,CUST-0602,ORD-013294,2024-01-01 00:00:00,150.0
TKT-01461,CUST-0602,ORD-013297,2024-04-05 00:00:00,150.0
TKT-01462,CUST-0604,ORD-013325,2023-11-09 00:00:00,
TKT-01463,CUST-0604,ORD-013327,2023-12-11 00:00:00,400.0
TKT-01464,CUST-0604,ORD-013338,2024-05-28 00:00:00,150.0
TKT-01465,CUST-0604,ORD-013339,2024-06-12 00:00:00,150.0
TKT-01466,CUST-0605,ORD-013345,2023-06-11 00:00:00,150.0
TKT-01467,CUST-0605,ORD-013346,2023-09-07 00:00:00,400.0
TKT-01468,CUST-0607,ORD-013361,2024-02-16 00:00:00,
TKT-01469,CUST-0607,ORD-013363,2024-05-08 00:00:00,150.0
TKT-01470,CUST-0609,ORD-013371,2023-05-06 00:00:00,150.0
TKT-01471,CUST-0612,ORD-013404,2024-01-23 00:00:00,400.0
TKT-01472,CUST-0613,ORD-013414,2023-10-30 00:00:00,150.0
TKT-01473,CUST-0613,ORD-013419,2024-07-04 00:00:00,150.0
TKT-01474,CUST-0614,ORD-013422,2022-10-24 00:00:00,
TKT-01475,CUST-0614,ORD-013425,2023-05-16 00:00:00,150.0
TKT-01476,CUST-0614,ORD-013427,2023-12-20 00:00:00,150.0
TKT-01477,CUST-0614,ORD-013428,2024-03-14 00:00:00,150.0
TKT-01478,CUST-0615,ORD-013429,2022-09-01 00:00:00,150.0
TKT-01479,CUST-0615,ORD-013430,2022-09-25 00:00:00,150.0
TKT-01480,CUST-0615,ORD-013440,2023-09-24 00:00:00,150.0
TKT-01481,CUST-0617,ORD-013459,2022-11-10 00:00:00,150.0
TKT-01482,CUST-0617,ORD-013460,2022-12-04 00:00:00,150.0
TKT-01483,CUST-0617,ORD-013461,2023-01-23 00:00:00,150.0
TKT-01484,CUST-0617,ORD-013462,2023-03-14 00:00:00,150.0
TKT-01485,CUST-0617,ORD-013466,2023-09-19 00:00:00,150.0
TKT-01486,CUST-0618,ORD-013484,2022-04-16 00:00:00,400.0
TKT-01487,CUST-0618,ORD-013486,2022-05-02 00:00:00,150.0
TKT-01488,CUST-0618,ORD-013522,2023-02-24 00:00:00,150.0
TKT-01489,CUST-0618,ORD-013531,2023-05-17 00:00:00,150.0
TKT-01490,CUST-0618,ORD-013535,2023-06-18 00:00:00,150.0
TKT-01491,CUST-0618,ORD-013544,2023-09-12 00:00:00,150.0
TKT-01492,CUST-0618,ORD-013566,2024-02-27 00:00:00,150.0
TKT-01493,CUST-0618,ORD-013568,2024-03-14 00:00:00,150.0
TKT-01494,CUST-0619,ORD-013582,2022-04-13 00:00:00,150.0
TKT-01495,CUST-0619,ORD-013587,2022-09-04 00:00:00,400.0
TKT-01496,CUST-0619,ORD-013588,2022-10-04 00:00:00,150.0
TKT-01497,CUST-0622,ORD-013627,2023-09-25 00:00:00,150.0
TKT-01498,CUST-0623,ORD-013635,2024-02-11 00:00:00,400.0
TKT-01499,CUST-0624,ORD-013645,2023-04-28 00:00:00,150.0
TKT-01500,CUST-0624,ORD-013647,2023-05-16 00:00:00,150.0
TKT-01501,CUST-0624,ORD-013667,2023-11-14 00:00:00,150.0
TKT-01502,CUST-0624,ORD-013670,2023-12-10 00:00:00,150.0
TKT-01503,CUST-0624,ORD-013675,2024-02-03 00:00:00,400.0
TKT-01504,CUST-0624,ORD-013678,2024-02-28 00:00:00,150.0
TKT-01505,CUST-0624,ORD-013687,2024-05-13 00:00:00,150.0
TKT-01506,CUST-0625,ORD-013696,2022-07-08 00:00:00,400.0
TKT-01507,CUST-0626,ORD-013717,2023-02-01 00:00:00,400.0
TKT-01508,CUST-0626,ORD-013719,2023-03-21 00:00:00,400.0
TKT-01509,CUST-0626,ORD-013724,2023-09-07 00:00:00,150.0
TKT-01510,CUST-0626,ORD-013726,2024-02-06 00:00:00,400.0
TKT-01511,CUST-0627,ORD-013753,2022-10-28 00:00:00,150.0
TKT-01512,CUST-0627,ORD-013758,2022-11-23 00:00:00,400.0
TKT-01513,CUST-0627,ORD-013768,2023-01-28 00:00:00,150.0
TKT-01514,CUST-0627,ORD-013772,2023-02-24 00:00:00,150.0
TKT-01515,CUST-0627,ORD-013785,2023-05-20 00:00:00,400.0
TKT-01516,CUST-0627,ORD-013791,2023-07-01 00:00:00,150.0
TKT-01517,CUST-0627,ORD-013799,2023-08-24 00:00:00,150.0
TKT-01518,CUST-0627,ORD-013824,2024-02-09 00:00:00,150.0
TKT-01519,CUST-0627,ORD-013825,2024-02-13 00:00:00,150.0
TKT-01520,CUST-0627,ORD-013827,2024-02-22 00:00:00,150.0
TKT-01521,CUST-0629,ORD-013879,2022-03-19 00:00:00,400.0
TKT-01522,CUST-0629,ORD-013881,2022-05-07 00:00:00,150.0
TKT-01523,CUST-0629,ORD-013886,2022-09-24 00:00:00,150.0
TKT-01524,CUST-0629,ORD-013888,2022-12-09 00:00:00,150.0
TKT-01525,CUST-0629,ORD-013891,2023-03-22 00:00:00,150.0
TKT-01526,CUST-0630,ORD-013921,2024-02-28 00:00:00,150.0
TKT-01527,CUST-0632,ORD-013942,2023-10-26 00:00:00,150.0
TKT-01528,CUST-0634,ORD-013967,2024-05-30 00:00:00,400.0
TKT-01529,CUST-0635,ORD-013971,2023-03-18 00:00:00,150.0
TKT-01530,CUST-0635,ORD-013973,2023-06-10 00:00:00,150.0
TKT-01531,CUST-0635,ORD-013974,2023-07-18 00:00:00,150.0
TKT-01532,CUST-0635,ORD-013980,2024-03-18 00:00:00,150.0
TKT-01533,CUST-0638,ORD-013997,2023-01-08 00:00:00,400.0
TKT-01534,CUST-0639,ORD-014005,2022-03-24 00:00:00,150.0
TKT-01535,CUST-0639,ORD-014010,2022-11-24 00:00:00,400.0
TKT-01536,CUST-0639,ORD-014014,2023-11-20 00:00:00,150.0
TKT-01537,CUST-0640,ORD-014015,2022-06-25 00:00:00,150.0
TKT-01538,CUST-0640,ORD-014017,2022-07-11 00:00:00,
TKT-01539,CUST-0641,ORD-014035,2023-01-17 00:00:00,400.0
TKT-01540,CUST-0641,ORD-014039,2023-02-25 00:00:00,150.0
TKT-01541,CUST-0641,ORD-014043,2023-04-06 00:00:00,150.0
TKT-01542,CUST-0641,ORD-014054,2023-07-15 00:00:00,150.0
TKT-01543,CUST-0641,ORD-014057,2023-08-14 00:00:00,400.0
TKT-01544,CUST-0641,ORD-014061,2023-09-27 00:00:00,150.0
TKT-01545,CUST-0641,ORD-014062,2023-10-05 00:00:00,150.0
TKT-01546,CUST-0641,ORD-014070,2023-12-16 00:00:00,150.0
TKT-01547,CUST-0641,ORD-014072,2024-01-04 00:00:00,150.0
TKT-01548,CUST-0641,ORD-014074,2024-01-24 00:00:00,150.0
TKT-01549,CUST-0641,ORD-014076,2024-02-15 00:00:00,150.0
TKT-01550,CUST-0642,ORD-014098,2022-12-08 00:00:00,400.0
TKT-01551,CUST-0642,ORD-014100,2023-02-15 00:00:00,150.0
TKT-01552,CUST-0643,ORD-014125,2023-04-24 00:00:00,400.0
TKT-01553,CUST-0643,ORD-014130,2023-08-03 00:00:00,400.0
TKT-01554,CUST-0643,ORD-014131,2023-08-26 00:00:00,400.0
TKT-01555,CUST-0643,ORD-014133,2023-09-22 00:00:00,150.0
TKT-01556,CUST-0643,ORD-014137,2023-11-28 00:00:00,150.0
TKT-01557,CUST-0644,ORD-014151,2022-03-17 00:00:00,150.0
TKT-01558,CUST-0647,ORD-014176,2022-08-07 00:00:00,150.0
TKT-01559,CUST-0647,ORD-014187,2023-12-05 00:00:00,150.0
TKT-01560,CUST-0648,ORD-014197,2023-07-08 00:00:00,400.0
TKT-01561,CUST-0648,ORD-014206,2024-03-09 00:00:00,150.0
TKT-01562,CUST-0650,ORD-014222,2022-05-13 00:00:00,150.0
TKT-01563,CUST-0650,ORD-014226,2022-10-18 00:00:00,400.0
TKT-01564,CUST-0650,ORD-014230,2023-04-01 00:00:00,150.0
TKT-01565,CUST-0650,ORD-014232,2023-05-31 00:00:00,150.0
TKT-01566,CUST-0650,ORD-014237,2023-12-18 00:00:00,400.0
TKT-01567,CUST-0651,ORD-014245,2023-05-11 00:00:00,150.0
TKT-01568,CUST-0651,ORD-014248,2023-12-01 00:00:00,150.0
TKT-01569,CUST-0652,ORD-014262,2022-09-29 00:00:00,150.0
TKT-01570,CUST-0652,ORD-014272,2023-03-06 00:00:00,150.0
TKT-01571,CUST-0652,ORD-014284,2023-10-06 00:00:00,150.0
TKT-01572,CUST-0652,ORD-014289,2023-12-30 00:00:00,150.0
TKT-01573,CUST-0652,ORD-014296,2024-05-07 00:00:00,150.0
TKT-01574,CUST-0652,ORD-014298,2024-06-07 00:00:00,150.0
TKT-01575,CUST-0654,ORD-014308,2022-08-06 00:00:00,400.0
TKT-01576,CUST-0654,ORD-014312,2022-11-03 00:00:00,
TKT-01577,CUST-0654,ORD-014315,2022-12-18 00:00:00,150.0
TKT-01578,CUST-0654,ORD-014318,2023-02-15 00:00:00,150.0
TKT-01579,CUST-0654,ORD-014321,2023-04-16 00:00:00,
TKT-01580,CUST-0654,ORD-014332,2023-11-17 00:00:00,400.0
TKT-01581,CUST-0655,ORD-014350,2023-01-07 00:00:00,150.0
TKT-01582,CUST-0655,ORD-014358,2023-03-28 00:00:00,400.0
TKT-01583,CUST-0655,ORD-014373,2023-08-31 00:00:00,150.0
TKT-01584,CUST-0655,ORD-014376,2023-10-02 00:00:00,400.0
TKT-01585,CUST-0655,ORD-014378,2023-10-26 00:00:00,150.0
TKT-01586,CUST-0655,ORD-014383,2023-12-16 00:00:00,150.0
TKT-01587,CUST-0655,ORD-014388,2024-02-11 00:00:00,150.0
TKT-01588,CUST-0655,ORD-014392,2024-03-22 00:00:00,150.0
TKT-01589,CUST-0655,ORD-014396,2024-05-12 00:00:00,150.0
TKT-01590,CUST-0656,ORD-014406,2023-09-13 00:00:00,
TKT-01591,CUST-0657,ORD-014413,2023-07-09 00:00:00,150.0
TKT-01592,CUST-0657,ORD-014414,2023-08-14 00:00:00,150.0
TKT-01593,CUST-0657,ORD-014421,2024-05-18 00:00:00,400.0
TKT-01594,CUST-0658,ORD-014427,2022-05-14 00:00:00,150.0
TKT-01595,CUST-0658,ORD-014435,2022-10-29 00:00:00,400.0
TKT-01596,CUST-0658,ORD-014437,2022-12-03 00:00:00,150.0
TKT-01597,CUST-0658,ORD-014447,2023-06-02 00:00:00,150.0
TKT-01598,CUST-0658,ORD-014449,2023-07-07 00:00:00,150.0
TKT-01599,CUST-0658,ORD-014465,2024-05-04 00:00:00,150.0
TKT-01600,CUST-0660,ORD-014562,2023-01-23 00:00:00,150.0
TKT-01601,CUST-0663,ORD-014596,2023-05-19 00:00:00,150.0
TKT-01602,CUST-0664,ORD-014610,2023-03-15 00:00:00,150.0
TKT-01603,CUST-0665,ORD-014626,2023-02-07 00:00:00,150.0
TKT-01604,CUST-0665,ORD-014629,2023-04-10 00:00:00,150.0
TKT-01605,CUST-0665,ORD-014645,2024-04-20 00:00:00,400.0
TKT-01606,CUST-0668,ORD-014684,2024-07-02 00:00:00,400.0
TKT-01607,CUST-0669,ORD-014689,2023-10-26 00:00:00,150.0
TKT-01608,CUST-0670,ORD-014699,2023-01-01 00:00:00,400.0
TKT-01609,CUST-0670,ORD-014701,2023-01-16 00:00:00,150.0
TKT-01610,CUST-0670,ORD-014720,2023-05-08 00:00:00,150.0
TKT-01611,CUST-0670,ORD-014723,2023-05-27 00:00:00,150.0
TKT-01612,CUST-0670,ORD-014724,2023-06-04 00:00:00,400.0
TKT-01613,CUST-0670,ORD-014737,2023-08-26 00:00:00,400.0
TKT-01614,CUST-0670,ORD-014745,2023-10-20 00:00:00,400.0
TKT-01615,CUST-0670,ORD-014766,2024-03-02 00:00:00,
TKT-01616,CUST-0670,ORD-014774,2024-04-26 00:00:00,150.0
TKT-01617,CUST-0670,ORD-014775,2024-05-05 00:00:00,400.0
TKT-01618,CUST-0671,ORD-014806,2023-07-29 00:00:00,150.0
TKT-01619,CUST-0671,ORD-014808,2023-08-10 00:00:00,150.0
TKT-01620,CUST-0671,ORD-014835,2024-02-12 00:00:00,150.0
TKT-01621,CUST-0671,ORD-014839,2024-03-17 00:00:00,150.0
TKT-01622,CUST-0671,ORD-014852,2024-06-07 00:00:00,400.0
TKT-01623,CUST-0671,ORD-014855,2024-06-19 00:00:00,150.0
TKT-01624,CUST-0672,ORD-014864,2023-08-07 00:00:00,150.0
TKT-01625,CUST-0673,ORD-014874,2023-04-03 00:00:00,150.0
TKT-01626,CUST-0673,ORD-014893,2024-01-12 00:00:00,150.0
TKT-01627,CUST-0674,ORD-014906,2022-06-28 00:00:00,150.0
TKT-01628,CUST-0674,ORD-014918,2023-10-13 00:00:00,150.0
TKT-01629,CUST-0676,ORD-014936,2022-09-10 00:00:00,150.0
TKT-01630,CUST-0677,ORD-014992,2023-05-10 00:00:00,150.0
TKT-01631,CUST-0677,ORD-014996,2024-02-14 00:00:00,150.0
TKT-01632,CUST-0679,ORD-015013,2022-11-28 00:00:00,150.0
TKT-01633,CUST-0679,ORD-015021,2023-02-16 00:00:00,150.0
TKT-01634,CUST-0679,ORD-015050,2023-11-14 00:00:00,400.0
TKT-01635,CUST-0679,ORD-015053,2023-12-19 00:00:00,
TKT-01636,CUST-0681,ORD-015107,2022-10-25 00:00:00,150.0
TKT-01637,CUST-0681,ORD-015121,2023-07-15 00:00:00,150.0
TKT-01638,CUST-0681,ORD-015127,2023-11-15 00:00:00,150.0
TKT-01639,CUST-0683,ORD-015188,2024-02-08 00:00:00,400.0
TKT-01640,CUST-0683,ORD-015189,2024-05-11 00:00:00,400.0
TKT-01641,CUST-0684,ORD-015197,2022-03-11 00:00:00,400.0
TKT-01642,CUST-0684,ORD-015201,2022-04-08 00:00:00,150.0
TKT-01643,CUST-0684,ORD-015204,2022-04-28 00:00:00,400.0
TKT-01644,CUST-0684,ORD-015206,2022-05-12 00:00:00,150.0
TKT-01645,CUST-0684,ORD-015213,2022-06-25 00:00:00,150.0
TKT-01646,CUST-0684,ORD-015214,2022-07-03 00:00:00,400.0
TKT-01647,CUST-0684,ORD-015217,2022-07-25 00:00:00,150.0
TKT-01648,CUST-0684,ORD-015222,2022-08-18 00:00:00,150.0
TKT-01649,CUST-0684,ORD-015225,2022-09-09 00:00:00,150.0
TKT-01650,CUST-0684,ORD-015231,2022-10-15 00:00:00,150.0
TKT-01651,CUST-0684,ORD-015235,2022-11-14 00:00:00,150.0
TKT-01652,CUST-0684,ORD-015240,2022-12-14 00:00:00,150.0
TKT-01653,CUST-0684,ORD-015241,2022-12-26 00:00:00,400.0
TKT-01654,CUST-0684,ORD-015244,2023-01-14 00:00:00,150.0
TKT-01655,CUST-0684,ORD-015251,2023-02-27 00:00:00,150.0
TKT-01656,CUST-0684,ORD-015255,2023-03-28 00:00:00,150.0
TKT-01657,CUST-0684,ORD-015256,2023-04-02 00:00:00,
TKT-01658,CUST-0684,ORD-015263,2023-05-20 00:00:00,150.0
TKT-01659,CUST-0684,ORD-015272,2023-07-16 00:00:00,150.0
TKT-01660,CUST-0684,ORD-015274,2023-07-29 00:00:00,150.0
TKT-01661,CUST-0684,ORD-015275,2023-08-03 00:00:00,150.0
TKT-01662,CUST-0684,ORD-015279,2023-08-28 00:00:00,400.0
TKT-01663,CUST-0684,ORD-015288,2023-10-28 00:00:00,400.0
TKT-01664,CUST-0684,ORD-015289,2023-11-03 00:00:00,150.0
TKT-01665,CUST-0684,ORD-015291,2023-11-15 00:00:00,150.0
TKT-01666,CUST-0684,ORD-015292,2023-11-19 00:00:00,150.0
TKT-01667,CUST-0684,ORD-015293,2023-11-25 00:00:00,150.0
TKT-01668,CUST-0684,ORD-015305,2024-02-19 00:00:00,400.0
TKT-01669,CUST-0684,ORD-015307,2024-03-09 00:00:00,150.0
TKT-01670,CUST-0684,ORD-015310,2024-04-02 00:00:00,150.0
TKT-01671,CUST-0684,ORD-015315,2024-04-29 00:00:00,150.0
TKT-01672,CUST-0684,ORD-015316,2024-05-10 00:00:00,150.0
TKT-01673,CUST-0686,ORD-015336,2023-07-27 00:00:00,150.0
TKT-01674,CUST-0686,ORD-015339,2023-09-23 00:00:00,150.0
TKT-01675,CUST-0686,ORD-015340,2023-11-01 00:00:00,150.0
TKT-01676,CUST-0686,ORD-015341,2023-11-18 00:00:00,150.0
TKT-01677,CUST-0687,ORD-015350,2022-08-25 00:00:00,
TKT-01678,CUST-0687,ORD-015351,2022-09-28 00:00:00,150.0
TKT-01679,CUST-0689,ORD-015368,2023-06-27 00:00:00,150.0
TKT-01680,CUST-0690,ORD-015374,2022-10-06 00:00:00,150.0
TKT-01681,CUST-0693,ORD-015395,2023-02-27 00:00:00,150.0
TKT-01682,CUST-0693,ORD-015414,2024-02-02 00:00:00,400.0
TKT-01683,CUST-0694,ORD-015427,2023-07-24 00:00:00,150.0
TKT-01684,CUST-0694,ORD-015431,2023-10-12 00:00:00,150.0
TKT-01685,CUST-0695,ORD-015446,2022-04-20 00:00:00,150.0
TKT-01686,CUST-0695,ORD-015449,2022-07-19 00:00:00,
TKT-01687,CUST-0695,ORD-015455,2023-05-17 00:00:00,150.0
TKT-01688,CUST-0695,ORD-015459,2024-06-22 00:00:00,400.0
TKT-01689,CUST-0696,ORD-015462,2022-07-02 00:00:00,150.0
TKT-01690,CUST-0696,ORD-015467,2023-03-12 00:00:00,150.0
TKT-01691,CUST-0696,ORD-015477,2024-06-18 00:00:00,150.0
TKT-01692,CUST-0697,ORD-015482,2022-11-10 00:00:00,150.0
TKT-01693,CUST-0697,ORD-015499,2024-04-16 00:00:00,150.0
TKT-01694,CUST-0698,ORD-015507,2022-08-06 00:00:00,400.0
TKT-01695,CUST-0698,ORD-015552,2024-06-17 00:00:00,150.0
TKT-01696,CUST-0702,ORD-015609,2023-09-13 00:00:00,150.0
TKT-01697,CUST-0703,ORD-015613,2022-12-02 00:00:00,150.0
TKT-01698,CUST-0703,ORD-015614,2023-01-03 00:00:00,150.0
TKT-01699,CUST-0704,ORD-015634,2022-06-15 00:00:00,150.0
TKT-01700,CUST-0704,ORD-015640,2022-10-22 00:00:00,150.0
TKT-01701,CUST-0704,ORD-015647,2023-11-13 00:00:00,150.0
TKT-01702,CUST-0704,ORD-015648,2024-02-15 00:00:00,150.0
TKT-01703,CUST-0707,ORD-015677,2022-10-25 00:00:00,150.0
TKT-01704,CUST-0707,ORD-015682,2023-05-19 00:00:00,150.0
TKT-01705,CUST-0707,ORD-015683,2023-06-22 00:00:00,150.0
TKT-01706,CUST-0707,ORD-015684,2023-08-02 00:00:00,150.0
TKT-01707,CUST-0708,ORD-015695,2023-06-16 00:00:00,150.0
TKT-01708,CUST-0708,ORD-015697,2023-09-13 00:00:00,400.0
TKT-01709,CUST-0708,ORD-015698,2023-10-25 00:00:00,150.0
TKT-01710,CUST-0709,ORD-015704,2023-06-21 00:00:00,400.0
TKT-01711,CUST-0713,ORD-015748,2023-07-17 00:00:00,400.0
TKT-01712,CUST-0713,ORD-015751,2023-12-30 00:00:00,150.0
TKT-01713,CUST-0714,ORD-015765,2024-01-24 00:00:00,
TKT-01714,CUST-0714,ORD-015769,2024-06-05 00:00:00,150.0
TKT-01715,CUST-0715,ORD-015777,2023-01-21 00:00:00,400.0
TKT-01716,CUST-0715,ORD-015778,2023-02-21 00:00:00,150.0
TKT-01717,CUST-0715,ORD-015784,2023-11-30 00:00:00,400.0
TKT-01718,CUST-0715,ORD-015785,2024-01-15 00:00:00,150.0
TKT-01719,CUST-0715,ORD-015786,2024-02-23 00:00:00,150.0
TKT-01720,CUST-0716,ORD-015791,2022-03-10 00:00:00,150.0
TKT-01721,CUST-0716,ORD-015794,2022-04-24 00:00:00,150.0
TKT-01722,CUST-0716,ORD-015804,2022-09-05 00:00:00,400.0
TKT-01723,CUST-0716,ORD-015805,2022-09-22 00:00:00,400.0
TKT-01724,CUST-0716,ORD-015807,2022-10-12 00:00:00,150.0
TKT-01725,CUST-0716,ORD-015819,2023-04-26 00:00:00,150.0
TKT-01726,CUST-0716,ORD-015827,2023-08-21 00:00:00,
TKT-01727,CUST-0716,ORD-015831,2023-10-17 00:00:00,150.0
TKT-01728,CUST-0717,ORD-015848,2023-08-14 00:00:00,400.0
TKT-01729,CUST-0718,ORD-015862,2024-06-28 00:00:00,150.0
TKT-01730,CUST-0722,ORD-015926,2022-08-30 00:00:00,150.0
TKT-01731,CUST-0722,ORD-015929,2022-10-15 00:00:00,150.0
TKT-01732,CUST-0722,ORD-015942,2023-05-28 00:00:00,150.0
TKT-01733,CUST-0722,ORD-015947,2023-08-19 00:00:00,400.0
TKT-01734,CUST-0722,ORD-015961,2024-04-11 00:00:00,150.0
TKT-01735,CUST-0722,ORD-015963,2024-05-15 00:00:00,150.0
TKT-01736,CUST-0724,ORD-015975,2023-05-31 00:00:00,150.0
TKT-01737,CUST-0725,ORD-016014,2023-03-30 00:00:00,150.0
TKT-01738,CUST-0725,ORD-016022,2023-09-09 00:00:00,150.0
TKT-01739,CUST-0725,ORD-016029,2024-02-12 00:00:00,400.0
TKT-01740,CUST-0725,ORD-016032,2024-04-14 00:00:00,150.0
TKT-01741,CUST-0726,ORD-016040,2022-09-14 00:00:00,400.0
TKT-01742,CUST-0726,ORD-016064,2023-10-11 00:00:00,150.0
TKT-01743,CUST-0726,ORD-016071,2024-02-05 00:00:00,400.0
TKT-01744,CUST-0727,ORD-016083,2022-07-29 00:00:00,150.0
TKT-01745,CUST-0730,ORD-016153,2023-06-03 00:00:00,150.0
TKT-01746,CUST-0730,ORD-016161,2023-12-06 00:00:00,150.0
TKT-01747,CUST-0730,ORD-016166,2024-04-15 00:00:00,150.0
TKT-01748,CUST-0730,ORD-016168,2024-05-25 00:00:00,150.0
TKT-01749,CUST-0733,ORD-016237,2023-08-10 00:00:00,150.0
TKT-01750,CUST-0733,ORD-016241,2023-11-20 00:00:00,150.0
TKT-01751,CUST-0737,ORD-016299,2022-09-02 00:00:00,150.0
TKT-01752,CUST-0737,ORD-016300,2022-10-06 00:00:00,
TKT-01753,CUST-0737,ORD-016301,2022-11-16 00:00:00,150.0
TKT-01754,CUST-0737,ORD-016304,2023-04-11 00:00:00,400.0
TKT-01755,CUST-0737,ORD-016305,2023-06-15 00:00:00,150.0
TKT-01756,CUST-0737,ORD-016311,2024-04-19 00:00:00,150.0
TKT-01757,CUST-0738,ORD-016313,2023-05-16 00:00:00,150.0
TKT-01758,CUST-0739,ORD-016319,2023-07-16 00:00:00,150.0
TKT-01759,CUST-0739,ORD-016322,2023-12-25 00:00:00,150.0
TKT-01760,CUST-0742,ORD-016394,2024-06-30 00:00:00,150.0
TKT-01761,CUST-0743,ORD-016395,2023-02-07 00:00:00,150.0
TKT-01762,CUST-0743,ORD-016396,2023-03-28 00:00:00,
TKT-01763,CUST-0743,ORD-016398,2023-07-21 00:00:00,150.0
TKT-01764,CUST-0743,ORD-016400,2023-11-26 00:00:00,150.0
TKT-01765,CUST-0743,ORD-016402,2024-03-09 00:00:00,150.0
TKT-01766,CUST-0746,ORD-016439,2023-01-05 00:00:00,400.0
TKT-01767,CUST-0746,ORD-016455,2023-10-23 00:00:00,150.0
TKT-01768,CUST-0746,ORD-016461,2024-02-07 00:00:00,
TKT-01769,CUST-0746,ORD-016467,2024-06-04 00:00:00,150.0
TKT-01770,CUST-0747,ORD-016475,2022-09-06 00:00:00,150.0
TKT-01771,CUST-0747,ORD-016476,2022-09-23 00:00:00,150.0
TKT-01772,CUST-0747,ORD-016477,2022-10-10 00:00:00,150.0
TKT-01773,CUST-0747,ORD-016486,2023-02-11 00:00:00,400.0
TKT-01774,CUST-0747,ORD-016487,2023-03-02 00:00:00,
TKT-01775,CUST-0747,ORD-016500,2023-08-19 00:00:00,150.0
TKT-01776,CUST-0747,ORD-016522,2024-06-14 00:00:00,150.0
TKT-01777,CUST-0748,ORD-016529,2023-12-22 00:00:00,150.0
TKT-01778,CUST-0749,ORD-016539,2023-08-08 00:00:00,150.0
TKT-01779,CUST-0749,ORD-016544,2023-12-04 00:00:00,150.0
TKT-01780,CUST-0749,ORD-016547,2024-02-09 00:00:00,
TKT-01781,CUST-0750,ORD-016562,2023-11-30 00:00:00,150.0
TKT-01782,CUST-0751,ORD-016571,2023-09-24 00:00:00,150.0
TKT-01783,CUST-0752,ORD-016584,2023-05-07 00:00:00,150.0
TKT-01784,CUST-0753,ORD-016605,2023-01-21 00:00:00,150.0
TKT-01785,CUST-0753,ORD-016606,2023-02-02 00:00:00,400.0
TKT-01786,CUST-0754,ORD-016645,2022-10-27 00:00:00,150.0
TKT-01787,CUST-0754,ORD-016649,2023-02-18 00:00:00,150.0
TKT-01788,CUST-0754,ORD-016652,2023-05-28 00:00:00,400.0
TKT-01789,CUST-0754,ORD-016653,2023-06-24 00:00:00,150.0
TKT-01790,CUST-0754,ORD-016655,2023-08-26 00:00:00,150.0
TKT-01791,CUST-0754,ORD-016657,2023-10-15 00:00:00,400.0
TKT-01792,CUST-0754,ORD-016666,2024-05-29 00:00:00,400.0
TKT-01793,CUST-0754,ORD-016667,2024-06-17 00:00:00,400.0
TKT-01794,CUST-0756,ORD-016697,2023-11-26 00:00:00,150.0
TKT-01795,CUST-0756,ORD-016701,2024-06-03 00:00:00,400.0
TKT-01796,CUST-0757,ORD-016715,2023-11-20 00:00:00,150.0
TKT-01797,CUST-0757,ORD-016717,2024-02-12 00:00:00,150.0
TKT-01798,CUST-0758,ORD-016721,2022-10-28 00:00:00,150.0
TKT-01799,CUST-0759,ORD-016736,2023-08-15 00:00:00,150.0
TKT-01800,CUST-0759,ORD-016740,2023-11-18 00:00:00,150.0
TKT-01801,CUST-0759,ORD-016745,2024-02-26 00:00:00,400.0
TKT-01802,CUST-0760,ORD-016768,2023-07-29 00:00:00,400.0
TKT-01803,CUST-0760,ORD-016779,2024-03-19 00:00:00,150.0
TKT-01804,CUST-0760,ORD-016780,2024-04-19 00:00:00,150.0
TKT-01805,CUST-0762,ORD-016797,2023-01-18 00:00:00,150.0
TKT-01806,CUST-0762,ORD-016799,2023-04-05 00:00:00,400.0
TKT-01807,CUST-0762,ORD-016802,2023-08-14 00:00:00,150.0
TKT-01808,CUST-0762,ORD-016808,2024-04-17 00:00:00,150.0
TKT-01809,CUST-0763,ORD-016811,2023-03-29 00:00:00,150.0
TKT-01810,CUST-0763,ORD-016813,2023-07-15 00:00:00,150.0
TKT-01811,CUST-0763,ORD-016818,2024-02-14 00:00:00,150.0
TKT-01812,CUST-0764,ORD-016823,2022-06-04 00:00:00,150.0
TKT-01813,CUST-0764,ORD-016834,2023-08-16 00:00:00,150.0
TKT-01814,CUST-0765,ORD-016845,2023-10-03 00:00:00,150.0
TKT-01815,CUST-0766,ORD-016849,2022-10-20 00:00:00,150.0
TKT-01816,CUST-0766,ORD-016851,2023-03-02 00:00:00,150.0
TKT-01817,CUST-0767,ORD-016856,2023-05-20 00:00:00,150.0
TKT-01818,CUST-0767,ORD-016861,2023-11-28 00:00:00,150.0
TKT-01819,CUST-0768,ORD-016868,2023-06-11 00:00:00,150.0
TKT-01820,CUST-0768,ORD-016871,2024-01-12 00:00:00,150.0
TKT-01821,CUST-0769,ORD-016875,2023-06-04 00:00:00,150.0
TKT-01822,CUST-0772,ORD-016928,2023-06-05 00:00:00,150.0
TKT-01823,CUST-0772,ORD-016931,2023-07-16 00:00:00,
TKT-01824,CUST-0772,ORD-016937,2024-01-19 00:00:00,150.0
TKT-01825,CUST-0773,ORD-016946,2023-09-22 00:00:00,150.0
TKT-01826,CUST-0773,ORD-016947,2023-10-29 00:00:00,150.0
TKT-01827,CUST-0773,ORD-016949,2024-01-11 00:00:00,150.0
TKT-01828,CUST-0773,ORD-016952,2024-04-26 00:00:00,150.0
TKT-01829,CUST-0775,ORD-016964,2022-07-28 00:00:00,400.0
TKT-01830,CUST-0775,ORD-016973,2022-12-21 00:00:00,150.0
TKT-01831,CUST-0775,ORD-016976,2023-01-31 00:00:00,150.0
TKT-01832,CUST-0775,ORD-016981,2023-04-22 00:00:00,150.0
TKT-01833,CUST-0775,ORD-016991,2023-09-29 00:00:00,150.0
TKT-01834,CUST-0775,ORD-016997,2023-12-20 00:00:00,150.0
TKT-01835,CUST-0775,ORD-017000,2024-02-07 00:00:00,400.0
TKT-01836,CUST-0776,ORD-017014,2022-03-21 00:00:00,150.0
TKT-01837,CUST-0776,ORD-017023,2022-08-01 00:00:00,150.0
TKT-01838,CUST-0776,ORD-017024,2022-08-17 00:00:00,
TKT-01839,CUST-0776,ORD-017036,2023-02-06 00:00:00,150.0
TKT-01840,CUST-0776,ORD-017047,2023-06-26 00:00:00,150.0
TKT-01841,CUST-0776,ORD-017072,2024-05-12 00:00:00,150.0
TKT-01842,CUST-0777,ORD-017077,2023-04-20 00:00:00,400.0
TKT-01843,CUST-0777,ORD-017080,2023-05-13 00:00:00,150.0
TKT-01844,CUST-0777,ORD-017087,2023-06-26 00:00:00,150.0
TKT-01845,CUST-0777,ORD-017088,2023-07-04 00:00:00,150.0
TKT-01846,CUST-0777,ORD-017104,2023-10-12 00:00:00,150.0
TKT-01847,CUST-0777,ORD-017105,2023-10-19 00:00:00,150.0
TKT-01848,CUST-0777,ORD-017141,2024-06-09 00:00:00,150.0
TKT-01849,CUST-0779,ORD-017149,2023-10-30 00:00:00,150.0
TKT-01850,CUST-0780,ORD-017154,2022-08-28 00:00:00,150.0
TKT-01851,CUST-0781,ORD-017229,2023-12-21 00:00:00,400.0
TKT-01852,CUST-0781,ORD-017243,2024-03-16 00:00:00,400.0
TKT-01853,CUST-0781,ORD-017245,2024-03-29 00:00:00,150.0
TKT-01854,CUST-0783,ORD-017269,2023-05-06 00:00:00,150.0
TKT-01855,CUST-0783,ORD-017273,2023-12-17 00:00:00,150.0
TKT-01856,CUST-0785,ORD-017284,2022-04-08 00:00:00,150.0
TKT-01857,CUST-0785,ORD-017306,2022-08-27 00:00:00,150.0
TKT-01858,CUST-0785,ORD-017312,2022-10-10 00:00:00,150.0
TKT-01859,CUST-0785,ORD-017323,2022-12-17 00:00:00,150.0
TKT-01860,CUST-0785,ORD-017331,2023-02-02 00:00:00,150.0
TKT-01861,CUST-0785,ORD-017360,2023-08-12 00:00:00,150.0
TKT-01862,CUST-0785,ORD-017387,2024-01-22 00:00:00,150.0
TKT-01863,CUST-0787,ORD-017441,2023-10-29 00:00:00,150.0
TKT-01864,CUST-0788,ORD-017451,2023-02-23 00:00:00,150.0
TKT-01865,CUST-0790,ORD-017548,2022-12-25 00:00:00,150.0
TKT-01866,CUST-0790,ORD-017549,2023-01-26 00:00:00,150.0
TKT-01867,CUST-0790,ORD-017551,2023-05-08 00:00:00,400.0
TKT-01868,CUST-0791,ORD-017563,2022-02-24 00:00:00,150.0
TKT-01869,CUST-0791,ORD-017593,2022-09-10 00:00:00,150.0
TKT-01870,CUST-0791,ORD-017614,2023-01-12 00:00:00,150.0
TKT-01871,CUST-0791,ORD-017620,2023-02-21 00:00:00,150.0
TKT-01872,CUST-0791,ORD-017655,2023-10-13 00:00:00,150.0
TKT-01873,CUST-0791,ORD-017673,2024-02-17 00:00:00,150.0
TKT-01874,CUST-0791,ORD-017694,2024-06-18 00:00:00,400.0
TKT-01875,CUST-0792,ORD-017701,2023-10-25 00:00:00,400.0
TKT-01876,CUST-0792,ORD-017704,2024-02-05 00:00:00,150.0
TKT-01877,CUST-0792,ORD-017706,2024-04-10 00:00:00,150.0
TKT-01878,CUST-0794,ORD-017724,2023-02-25 00:00:00,400.0
TKT-01879,CUST-0794,ORD-017735,2024-04-12 00:00:00,
TKT-01880,CUST-0795,ORD-017741,2023-04-14 00:00:00,400.0
TKT-01881,CUST-0797,ORD-017770,2022-12-17 00:00:00,150.0
TKT-01882,CUST-0797,ORD-017777,2023-08-31 00:00:00,400.0
TKT-01883,CUST-0799,ORD-017813,2023-12-31 00:00:00,400.0
TKT-01884,CUST-0799,ORD-017816,2024-02-25 00:00:00,150.0
TKT-01885,CUST-0799,ORD-017818,2024-04-03 00:00:00,400.0
TKT-01886,CUST-0799,ORD-017821,2024-05-31 00:00:00,150.0
TKT-01887,CUST-0799,ORD-017822,2024-06-23 00:00:00,150.0
TKT-01888,CUST-0801,ORD-017834,2022-09-30 00:00:00,150.0
TKT-01889,CUST-0803,ORD-017854,2024-01-17 00:00:00,150.0
TKT-01890,CUST-0804,ORD-017860,2023-04-07 00:00:00,400.0
TKT-01891,CUST-0804,ORD-017861,2023-05-22 00:00:00,150.0
TKT-01892,CUST-0804,ORD-017862,2023-07-28 00:00:00,150.0
TKT-01893,CUST-0804,ORD-017863,2023-08-28 00:00:00,150.0
TKT-01894,CUST-0804,ORD-017868,2024-05-29 00:00:00,150.0
TKT-01895,CUST-0806,ORD-017887,2022-07-02 00:00:00,150.0
TKT-01896,CUST-0808,ORD-017936,2023-06-07 00:00:00,150.0
TKT-01897,CUST-0808,ORD-017943,2024-06-13 00:00:00,
TKT-01898,CUST-0809,ORD-017951,2023-06-15 00:00:00,150.0
TKT-01899,CUST-0810,ORD-017954,2023-05-18 00:00:00,150.0
TKT-01900,CUST-0810,ORD-017956,2023-08-01 00:00:00,400.0
TKT-01901,CUST-0810,ORD-017959,2023-12-07 00:00:00,150.0
TKT-01902,CUST-0812,ORD-017980,2023-07-03 00:00:00,400.0
TKT-01903,CUST-0814,ORD-018018,2023-04-16 00:00:00,400.0
TKT-01904,CUST-0814,ORD-018022,2023-11-17 00:00:00,150.0
TKT-01905,CUST-0815,ORD-018026,2022-07-14 00:00:00,150.0
TKT-01906,CUST-0815,ORD-018033,2023-01-20 00:00:00,150.0
TKT-01907,CUST-0815,ORD-018038,2023-05-28 00:00:00,150.0
TKT-01908,CUST-0817,ORD-018065,2023-08-05 00:00:00,150.0
TKT-01909,CUST-0817,ORD-018075,2024-03-15 00:00:00,150.0
TKT-01910,CUST-0817,ORD-018079,2024-06-20 00:00:00,
TKT-01911,CUST-0821,ORD-018105,2024-03-06 00:00:00,150.0
TKT-01912,CUST-0821,ORD-018108,2024-06-15 00:00:00,150.0
TKT-01913,CUST-0822,ORD-018114,2023-04-08 00:00:00,400.0
TKT-01914,CUST-0822,ORD-018115,2023-04-27 00:00:00,150.0
TKT-01915,CUST-0822,ORD-018116,2023-05-22 00:00:00,400.0
TKT-01916,CUST-0822,ORD-018123,2024-02-04 00:00:00,400.0
TKT-01917,CUST-0823,ORD-018127,2023-04-16 00:00:00,150.0
TKT-01918,CUST-0823,ORD-018134,2023-09-03 00:00:00,400.0
TKT-01919,CUST-0824,ORD-018159,2022-12-02 00:00:00,400.0
TKT-01920,CUST-0824,ORD-018163,2023-02-05 00:00:00,400.0
TKT-01921,CUST-0824,ORD-018164,2023-02-23 00:00:00,150.0
TKT-01922,CUST-0824,ORD-018166,2023-03-23 00:00:00,150.0
TKT-01923,CUST-0824,ORD-018184,2023-12-17 00:00:00,400.0
TKT-01924,CUST-0824,ORD-018185,2024-01-05 00:00:00,150.0
TKT-01925,CUST-0824,ORD-018187,2024-02-12 00:00:00,150.0
TKT-01926,CUST-0824,ORD-018188,2024-02-29 00:00:00,400.0
TKT-01927,CUST-0824,ORD-018194,2024-06-08 00:00:00,
TKT-01928,CUST-0825,ORD-018221,2023-06-03 00:00:00,150.0
TKT-01929,CUST-0825,ORD-018225,2023-06-30 00:00:00,150.0
TKT-01930,CUST-0825,ORD-018257,2024-01-31 00:00:00,400.0
TKT-01931,CUST-0825,ORD-018280,2024-06-28 00:00:00,400.0
TKT-01932,CUST-0826,ORD-018282,2022-01-15 00:00:00,150.0
TKT-01933,CUST-0826,ORD-018283,2022-01-23 00:00:00,150.0
TKT-01934,CUST-0826,ORD-018293,2022-09-13 00:00:00,150.0
TKT-01935,CUST-0826,ORD-018294,2022-11-01 00:00:00,400.0
TKT-01936,CUST-0826,ORD-018300,2024-01-12 00:00:00,150.0
TKT-01937,CUST-0827,ORD-018302,2023-06-02 00:00:00,150.0
TKT-01938,CUST-0827,ORD-018323,2024-07-04 00:00:00,150.0
TKT-01939,CUST-0828,ORD-018326,2023-01-22 00:00:00,150.0
TKT-01940,CUST-0828,ORD-018329,2023-03-26 00:00:00,400.0
TKT-01941,CUST-0828,ORD-018335,2023-07-18 00:00:00,150.0
TKT-01942,CUST-0828,ORD-018337,2023-08-24 00:00:00,150.0
TKT-01943,CUST-0828,ORD-018339,2023-10-10 00:00:00,150.0
TKT-01944,CUST-0828,ORD-018341,2023-11-27 00:00:00,400.0
TKT-01945,CUST-0828,ORD-018346,2024-02-28 00:00:00,150.0
TKT-01946,CUST-0829,ORD-018361,2023-03-12 00:00:00,150.0
TKT-01947,CUST-0831,ORD-018375,2022-05-30 00:00:00,150.0
TKT-01948,CUST-0832,ORD-018388,2023-02-03 00:00:00,400.0
TKT-01949,CUST-0832,ORD-018392,2023-07-27 00:00:00,150.0
TKT-01950,CUST-0833,ORD-018400,2023-06-19 00:00:00,150.0
TKT-01951,CUST-0835,ORD-018413,2023-04-23 00:00:00,150.0
TKT-01952,CUST-0835,ORD-018416,2023-09-21 00:00:00,150.0
TKT-01953,CUST-0835,ORD-018418,2023-12-18 00:00:00,150.0
TKT-01954,CUST-0835,ORD-018419,2024-01-19 00:00:00,150.0
TKT-01955,CUST-0835,ORD-018421,2024-04-24 00:00:00,150.0
TKT-01956,CUST-0838,ORD-018445,2024-01-12 00:00:00,150.0
TKT-01957,CUST-0839,ORD-018457,2023-01-11 00:00:00,400.0
TKT-01958,CUST-0839,ORD-018463,2024-03-09 00:00:00,400.0
TKT-01959,CUST-0841,ORD-018471,2022-05-01 00:00:00,400.0
TKT-01960,CUST-0841,ORD-018473,2022-08-19 00:00:00,150.0
TKT-01961,CUST-0841,ORD-018474,2022-09-20 00:00:00,150.0
TKT-01962,CUST-0841,ORD-018477,2023-04-09 00:00:00,150.0
TKT-01963,CUST-0841,ORD-018479,2023-07-17 00:00:00,400.0
TKT-01964,CUST-0841,ORD-018483,2024-02-08 00:00:00,150.0
TKT-01965,CUST-0841,ORD-018484,2024-04-04 00:00:00,
TKT-01966,CUST-0842,ORD-018493,2023-08-11 00:00:00,150.0
TKT-01967,CUST-0843,ORD-018499,2023-04-12 00:00:00,150.0
TKT-01968,CUST-0843,ORD-018510,2023-08-30 00:00:00,150.0
TKT-01969,CUST-0843,ORD-018511,2023-09-11 00:00:00,150.0
TKT-01970,CUST-0843,ORD-018513,2023-10-08 00:00:00,150.0
TKT-01971,CUST-0843,ORD-018516,2023-11-20 00:00:00,150.0
TKT-01972,CUST-0843,ORD-018529,2024-05-13 00:00:00,150.0
TKT-01973,CUST-0844,ORD-018534,2023-02-25 00:00:00,150.0
TKT-01974,CUST-0844,ORD-018538,2023-08-10 00:00:00,150.0
TKT-01975,CUST-0844,ORD-018539,2023-09-19 00:00:00,150.0
TKT-01976,CUST-0845,ORD-018551,2023-03-12 00:00:00,150.0
TKT-01977,CUST-0845,ORD-018560,2023-08-01 00:00:00,150.0
TKT-01978,CUST-0845,ORD-018577,2024-04-16 00:00:00,400.0
TKT-01979,CUST-0846,ORD-018586,2023-04-02 00:00:00,400.0
TKT-01980,CUST-0847,ORD-018611,2022-06-03 00:00:00,150.0
TKT-01981,CUST-0847,ORD-018612,2022-06-16 00:00:00,150.0
TKT-01982,CUST-0847,ORD-018618,2022-08-23 00:00:00,150.0
TKT-01983,CUST-0847,ORD-018624,2022-11-05 00:00:00,
TKT-01984,CUST-0847,ORD-018627,2022-12-19 00:00:00,150.0
TKT-01985,CUST-0847,ORD-018628,2022-12-27 00:00:00,150.0
TKT-01986,CUST-0847,ORD-018635,2023-03-28 00:00:00,150.0
TKT-01987,CUST-0847,ORD-018651,2023-10-17 00:00:00,150.0
TKT-01988,CUST-0847,ORD-018662,2024-03-06 00:00:00,150.0
TKT-01989,CUST-0848,ORD-018680,2024-03-09 00:00:00,150.0
TKT-01990,CUST-0849,ORD-018693,2023-12-25 00:00:00,150.0
TKT-01991,CUST-0850,ORD-018705,2023-08-26 00:00:00,150.0
TKT-01992,CUST-0851,ORD-018715,2022-08-28 00:00:00,150.0
TKT-01993,CUST-0851,ORD-018716,2022-09-22 00:00:00,150.0
TKT-01994,CUST-0851,ORD-018720,2023-01-29 00:00:00,150.0
TKT-01995,CUST-0851,ORD-018727,2023-07-19 00:00:00,150.0
TKT-01996,CUST-0853,ORD-018748,2023-06-16 00:00:00,150.0
TKT-01997,CUST-0853,ORD-018751,2023-10-09 00:00:00,150.0
TKT-01998,CUST-0853,ORD-018752,2023-11-14 00:00:00,400.0
TKT-01999,CUST-0853,ORD-018756,2024-04-09 00:00:00,150.0
TKT-02000,CUST-0854,ORD-018764,2023-10-21 00:00:00,150.0
TKT-02001,CUST-0855,ORD-018771,2023-08-21 00:00:00,150.0
TKT-02002,CUST-0855,ORD-018772,2023-10-18 00:00:00,
TKT-02003,CUST-0857,ORD-018790,2023-01-02 00:00:00,150.0
TKT-02004,CUST-0857,ORD-018792,2023-05-26 00:00:00,150.0
TKT-02005,CUST-0858,ORD-018810,2023-02-06 00:00:00,150.0
TKT-02006,CUST-0858,ORD-018816,2023-05-01 00:00:00,150.0
TKT-02007,CUST-0858,ORD-018820,2023-06-22 00:00:00,400.0
TKT-02008,CUST-0858,ORD-018838,2024-03-25 00:00:00,150.0
TKT-02009,CUST-0858,ORD-018842,2024-05-24 00:00:00,400.0
TKT-02010,CUST-0859,ORD-018846,2022-04-13 00:00:00,150.0
TKT-02011,CUST-0860,ORD-018862,2024-02-27 00:00:00,150.0
TKT-02012,CUST-0861,ORD-018872,2022-12-26 00:00:00,150.0
TKT-02013,CUST-0861,ORD-018878,2023-02-02 00:00:00,150.0
TKT-02014,CUST-0861,ORD-018887,2023-03-31 00:00:00,400.0
TKT-02015,CUST-0861,ORD-018895,2023-05-24 00:00:00,150.0
TKT-02016,CUST-0861,ORD-018904,2023-07-14 00:00:00,150.0
TKT-02017,CUST-0861,ORD-018915,2023-09-19 00:00:00,150.0
TKT-02018,CUST-0861,ORD-018924,2023-11-19 00:00:00,400.0
TKT-02019,CUST-0861,ORD-018944,2024-04-04 00:00:00,150.0
TKT-02020,CUST-0861,ORD-018953,2024-06-07 00:00:00,150.0
TKT-02021,CUST-0861,ORD-018955,2024-06-18 00:00:00,
TKT-02022,CUST-0862,ORD-018958,2022-10-26 00:00:00,150.0
TKT-02023,CUST-0864,ORD-018981,2023-01-18 00:00:00,150.0
TKT-02024,CUST-0865,ORD-018996,2023-01-10 00:00:00,150.0
TKT-02025,CUST-0865,ORD-018997,2023-01-18 00:00:00,400.0
TKT-02026,CUST-0865,ORD-018999,2023-02-14 00:00:00,400.0
TKT-02027,CUST-0865,ORD-019000,2023-02-27 00:00:00,150.0
TKT-02028,CUST-0865,ORD-019001,2023-03-15 00:00:00,150.0
TKT-02029,CUST-0865,ORD-019004,2023-04-26 00:00:00,150.0
TKT-02030,CUST-0865,ORD-019013,2023-08-11 00:00:00,150.0
TKT-02031,CUST-0865,ORD-019018,2023-09-28 00:00:00,150.0
TKT-02032,CUST-0865,ORD-019025,2023-12-21 00:00:00,150.0
TKT-02033,CUST-0865,ORD-019038,2024-06-01 00:00:00,150.0
TKT-02034,CUST-0865,ORD-019040,2024-06-28 00:00:00,150.0
TKT-02035,CUST-0866,ORD-019041,2023-02-25 00:00:00,150.0
TKT-02036,CUST-0866,ORD-019042,2023-03-16 00:00:00,150.0
TKT-02037,CUST-0866,ORD-019043,2023-04-07 00:00:00,150.0
TKT-02038,CUST-0866,ORD-019052,2024-05-22 00:00:00,400.0
TKT-02039,CUST-0867,ORD-019053,2023-04-11 00:00:00,150.0
TKT-02040,CUST-0868,ORD-019062,2023-07-15 00:00:00,400.0
TKT-02041,CUST-0869,ORD-019073,2022-12-07 00:00:00,150.0
TKT-02042,CUST-0869,ORD-019075,2023-01-22 00:00:00,150.0
TKT-02043,CUST-0869,ORD-019080,2023-05-23 00:00:00,
TKT-02044,CUST-0869,ORD-019082,2023-07-13 00:00:00,
TKT-02045,CUST-0870,ORD-019138,2023-11-07 00:00:00,400.0
TKT-02046,CUST-0872,ORD-019168,2022-11-28 00:00:00,150.0
TKT-02047,CUST-0872,ORD-019181,2024-02-18 00:00:00,150.0
TKT-02048,CUST-0872,ORD-019182,2024-03-14 00:00:00,400.0
TKT-02049,CUST-0874,ORD-019208,2023-03-17 00:00:00,150.0
TKT-02050,CUST-0875,ORD-019221,2022-11-20 00:00:00,400.0
TKT-02051,CUST-0875,ORD-019222,2022-12-27 00:00:00,150.0
TKT-02052,CUST-0875,ORD-019225,2023-04-09 00:00:00,150.0
TKT-02053,CUST-0875,ORD-019228,2023-07-20 00:00:00,150.0
TKT-02054,CUST-0875,ORD-019229,2023-09-03 00:00:00,400.0
TKT-02055,CUST-0875,ORD-019235,2024-05-05 00:00:00,150.0
TKT-02056,CUST-0877,ORD-019247,2022-04-17 00:00:00,150.0
TKT-02057,CUST-0877,ORD-019256,2023-03-31 00:00:00,150.0
TKT-02058,CUST-0877,ORD-019257,2023-06-24 00:00:00,400.0
TKT-02059,CUST-0877,ORD-019260,2024-03-11 00:00:00,150.0
TKT-02060,CUST-0879,ORD-019264,2023-03-30 00:00:00,150.0
TKT-02061,CUST-0879,ORD-019270,2023-08-17 00:00:00,400.0
TKT-02062,CUST-0879,ORD-019279,2024-04-07 00:00:00,150.0
TKT-02063,CUST-0879,ORD-019281,2024-05-23 00:00:00,150.0
TKT-02064,CUST-0880,ORD-019284,2022-04-05 00:00:00,400.0
TKT-02065,CUST-0880,ORD-019286,2022-06-01 00:00:00,150.0
TKT-02066,CUST-0882,ORD-019335,2023-02-18 00:00:00,150.0
TKT-02067,CUST-0882,ORD-019347,2023-05-10 00:00:00,150.0
TKT-02068,CUST-0882,ORD-019354,2023-06-19 00:00:00,150.0
TKT-02069,CUST-0882,ORD-019369,2023-09-28 00:00:00,150.0
TKT-02070,CUST-0882,ORD-019372,2023-10-18 00:00:00,
TKT-02071,CUST-0882,ORD-019373,2023-10-26 00:00:00,150.0
TKT-02072,CUST-0882,ORD-019382,2024-01-02 00:00:00,
TKT-02073,CUST-0882,ORD-019388,2024-02-09 00:00:00,150.0
TKT-02074,CUST-0882,ORD-019393,2024-03-12 00:00:00,150.0
TKT-02075,CUST-0882,ORD-019397,2024-04-08 00:00:00,150.0
TKT-02076,CUST-0883,ORD-019413,2023-01-23 00:00:00,150.0
TKT-02077,CUST-0883,ORD-019416,2023-04-19 00:00:00,150.0
TKT-02078,CUST-0883,ORD-019420,2023-11-12 00:00:00,150.0
TKT-02079,CUST-0883,ORD-019422,2024-03-24 00:00:00,150.0
TKT-02080,CUST-0884,ORD-019426,2023-11-01 00:00:00,150.0
TKT-02081,CUST-0884,ORD-019428,2024-05-18 00:00:00,150.0
TKT-02082,CUST-0887,ORD-019463,2024-06-06 00:00:00,150.0
TKT-02083,CUST-0889,ORD-019471,2022-03-03 00:00:00,400.0
TKT-02084,CUST-0889,ORD-019511,2023-11-15 00:00:00,150.0
TKT-02085,CUST-0889,ORD-019515,2024-01-30 00:00:00,150.0
TKT-02086,CUST-0890,ORD-019535,2023-11-15 00:00:00,150.0
TKT-02087,CUST-0893,ORD-019559,2023-05-11 00:00:00,400.0
TKT-02088,CUST-0893,ORD-019567,2024-03-09 00:00:00,150.0
TKT-02089,CUST-0894,ORD-019571,2022-05-23 00:00:00,400.0
TKT-02090,CUST-0894,ORD-019572,2022-06-24 00:00:00,150.0
TKT-02091,CUST-0894,ORD-019579,2023-01-10 00:00:00,150.0
TKT-02092,CUST-0894,ORD-019595,2024-04-03 00:00:00,150.0
TKT-02093,CUST-0896,ORD-019610,2023-02-08 00:00:00,150.0
TKT-02094,CUST-0896,ORD-019611,2023-06-16 00:00:00,150.0
TKT-02095,CUST-0897,ORD-019615,2022-09-23 00:00:00,150.0
TKT-02096,CUST-0897,ORD-019631,2023-07-12 00:00:00,150.0
TKT-02097,CUST-0897,ORD-019633,2023-08-13 00:00:00,150.0
TKT-02098,CUST-0900,ORD-019678,2022-10-07 00:00:00,150.0
TKT-02099,CUST-0900,ORD-019679,2022-10-28 00:00:00,150.0
TKT-02100,CUST-0900,ORD-019688,2023-06-23 00:00:00,150.0
TKT-02101,CUST-0900,ORD-019693,2023-11-07 00:00:00,150.0
TKT-02102,CUST-0901,ORD-019702,2023-04-02 00:00:00,150.0
TKT-02103,CUST-0901,ORD-019703,2023-05-23 00:00:00,150.0
TKT-02104,CUST-0901,ORD-019704,2023-07-08 00:00:00,150.0
TKT-02105,CUST-0901,ORD-019707,2023-12-14 00:00:00,150.0
TKT-02106,CUST-0903,ORD-019713,2022-06-03 00:00:00,150.0
TKT-02107,CUST-0903,ORD-019719,2023-07-01 00:00:00,400.0
TKT-02108,CUST-0903,ORD-019721,2023-11-24 00:00:00,150.0
TKT-02109,CUST-0903,ORD-019722,2024-01-18 00:00:00,150.0
TKT-02110,CUST-0904,ORD-019728,2022-03-17 00:00:00,
TKT-02111,CUST-0904,ORD-019730,2022-04-04 00:00:00,150.0
TKT-02112,CUST-0904,ORD-019732,2022-04-22 00:00:00,150.0
TKT-02113,CUST-0904,ORD-019737,2022-06-09 00:00:00,400.0
TKT-02114,CUST-0904,ORD-019738,2022-06-16 00:00:00,400.0
TKT-02115,CUST-0904,ORD-019749,2022-10-12 00:00:00,150.0
TKT-02116,CUST-0904,ORD-019751,2022-11-02 00:00:00,150.0
TKT-02117,CUST-0904,ORD-019759,2023-01-16 00:00:00,150.0
TKT-02118,CUST-0904,ORD-019770,2023-05-05 00:00:00,150.0
TKT-02119,CUST-0904,ORD-019771,2023-05-14 00:00:00,400.0
TKT-02120,CUST-0904,ORD-019780,2023-08-12 00:00:00,150.0
TKT-02121,CUST-0904,ORD-019787,2023-10-17 00:00:00,150.0
TKT-02122,CUST-0904,ORD-019788,2023-10-25 00:00:00,150.0
TKT-02123,CUST-0904,ORD-019791,2023-11-20 00:00:00,150.0
TKT-02124,CUST-0904,ORD-019795,2023-12-26 00:00:00,150.0
TKT-02125,CUST-0904,ORD-019797,2024-01-14 00:00:00,150.0
TKT-02126,CUST-0904,ORD-019798,2024-01-26 00:00:00,150.0
TKT-02127,CUST-0904,ORD-019799,2024-02-05 00:00:00,150.0
TKT-02128,CUST-0904,ORD-019803,2024-03-15 00:00:00,150.0
TKT-02129,CUST-0904,ORD-019805,2024-04-05 00:00:00,400.0
TKT-02130,CUST-0904,ORD-019807,2024-04-26 00:00:00,150.0
TKT-02131,CUST-0904,ORD-019810,2024-05-26 00:00:00,150.0
TKT-02132,CUST-0905,ORD-019819,2023-03-31 00:00:00,150.0
TKT-02133,CUST-0906,ORD-019836,2023-06-20 00:00:00,150.0
TKT-02134,CUST-0906,ORD-019845,2023-11-15 00:00:00,150.0
TKT-02135,CUST-0906,ORD-019855,2024-05-09 00:00:00,400.0
TKT-02136,CUST-0907,ORD-019877,2024-02-19 00:00:00,150.0
TKT-02137,CUST-0908,ORD-019893,2023-11-17 00:00:00,150.0
TKT-02138,CUST-0908,ORD-019894,2024-01-28 00:00:00,400.0
TKT-02139,CUST-0909,ORD-019897,2023-05-27 00:00:00,150.0
TKT-02140,CUST-0910,ORD-019901,2022-12-30 00:00:00,150.0
TKT-02141,CUST-0910,ORD-019902,2023-02-15 00:00:00,150.0
TKT-02142,CUST-0910,ORD-019906,2023-08-16 00:00:00,400.0
TKT-02143,CUST-0910,ORD-019909,2023-12-04 00:00:00,150.0
TKT-02144,CUST-0910,ORD-019912,2024-04-05 00:00:00,
TKT-02145,CUST-0910,ORD-019913,2024-05-17 00:00:00,150.0
TKT-02146,CUST-0911,ORD-019939,2024-03-22 00:00:00,150.0
TKT-02147,CUST-0911,ORD-019941,2024-04-28 00:00:00,400.0
TKT-02148,CUST-0915,ORD-020014,2023-07-21 00:00:00,400.0
TKT-02149,CUST-0915,ORD-020037,2024-05-26 00:00:00,150.0
TKT-02150,CUST-0915,ORD-020038,2024-06-08 00:00:00,150.0
TKT-02151,CUST-0917,ORD-020065,2022-08-11 00:00:00,400.0
TKT-02152,CUST-0917,ORD-020071,2023-03-16 00:00:00,150.0
TKT-02153,CUST-0917,ORD-020076,2023-09-17 00:00:00,150.0
TKT-02154,CUST-0917,ORD-020077,2023-10-28 00:00:00,150.0
TKT-02155,CUST-0919,ORD-020093,2022-04-23 00:00:00,400.0
TKT-02156,CUST-0919,ORD-020100,2022-12-07 00:00:00,400.0
TKT-02157,CUST-0919,ORD-020105,2023-05-01 00:00:00,400.0
TKT-02158,CUST-0919,ORD-020109,2023-09-27 00:00:00,150.0
TKT-02159,CUST-0919,ORD-020119,2024-07-03 00:00:00,150.0
TKT-02160,CUST-0920,ORD-020121,2022-05-15 00:00:00,150.0
TKT-02161,CUST-0922,ORD-020156,2023-10-11 00:00:00,150.0
TKT-02162,CUST-0924,ORD-020166,2022-10-19 00:00:00,
TKT-02163,CUST-0924,ORD-020169,2022-11-11 00:00:00,150.0
TKT-02164,CUST-0924,ORD-020175,2022-12-17 00:00:00,150.0
TKT-02165,CUST-0924,ORD-020181,2023-01-24 00:00:00,400.0
TKT-02166,CUST-0924,ORD-020182,2023-01-28 00:00:00,150.0
TKT-02167,CUST-0924,ORD-020190,2023-03-21 00:00:00,150.0
TKT-02168,CUST-0924,ORD-020218,2023-09-23 00:00:00,150.0
TKT-02169,CUST-0924,ORD-020232,2023-12-31 00:00:00,400.0
TKT-02170,CUST-0924,ORD-020236,2024-01-31 00:00:00,400.0
TKT-02171,CUST-0924,ORD-020254,2024-05-25 00:00:00,400.0
TKT-02172,CUST-0924,ORD-020258,2024-06-17 00:00:00,
TKT-02173,CUST-0925,ORD-020294,2024-02-23 00:00:00,150.0
TKT-02174,CUST-0926,ORD-020303,2022-07-21 00:00:00,150.0
TKT-02175,CUST-0926,ORD-020308,2023-06-08 00:00:00,400.0
TKT-02176,CUST-0928,ORD-020338,2023-03-06 00:00:00,150.0
TKT-02177,CUST-0928,ORD-020346,2024-05-21 00:00:00,150.0
TKT-02178,CUST-0930,ORD-020374,2024-02-11 00:00:00,150.0
TKT-02179,CUST-0933,ORD-020410,2022-04-08 00:00:00,150.0
TKT-02180,CUST-0933,ORD-020412,2022-06-22 00:00:00,150.0
TKT-02181,CUST-0934,ORD-020432,2023-03-29 00:00:00,400.0
TKT-02182,CUST-0934,ORD-020433,2023-04-05 00:00:00,150.0
TKT-02183,CUST-0934,ORD-020445,2023-08-03 00:00:00,400.0
TKT-02184,CUST-0934,ORD-020446,2023-08-13 00:00:00,150.0
TKT-02185,CUST-0934,ORD-020447,2023-08-26 00:00:00,150.0
TKT-02186,CUST-0934,ORD-020457,2023-12-05 00:00:00,150.0
TKT-02187,CUST-0934,ORD-020463,2024-02-01 00:00:00,400.0
TKT-02188,CUST-0934,ORD-020472,2024-05-06 00:00:00,
TKT-02189,CUST-0936,ORD-020490,2024-01-24 00:00:00,150.0
TKT-02190,CUST-0937,ORD-020494,2022-05-20 00:00:00,150.0
TKT-02191,CUST-0937,ORD-020498,2022-09-29 00:00:00,150.0
TKT-02192,CUST-0937,ORD-020502,2023-01-31 00:00:00,150.0
TKT-02193,CUST-0937,ORD-020507,2023-08-30 00:00:00,150.0
TKT-02194,CUST-0937,ORD-020509,2023-10-28 00:00:00,400.0
TKT-02195,CUST-0937,ORD-020514,2024-04-13 00:00:00,
TKT-02196,CUST-0938,ORD-020517,2023-05-10 00:00:00,150.0
TKT-02197,CUST-0938,ORD-020528,2024-05-22 00:00:00,400.0
TKT-02198,CUST-0939,ORD-020530,2022-09-11 00:00:00,150.0
TKT-02199,CUST-0939,ORD-020534,2023-07-13 00:00:00,400.0
TKT-02200,CUST-0942,ORD-020616,2023-08-25 00:00:00,150.0
TKT-02201,CUST-0942,ORD-020624,2024-06-12 00:00:00,150.0
TKT-02202,CUST-0943,ORD-020627,2023-06-16 00:00:00,
TKT-02203,CUST-0947,ORD-020687,2022-09-21 00:00:00,400.0
TKT-02204,CUST-0947,ORD-020688,2022-11-20 00:00:00,150.0
TKT-02205,CUST-0949,ORD-020707,2023-04-22 00:00:00,150.0
TKT-02206,CUST-0949,ORD-020711,2023-06-21 00:00:00,150.0
TKT-02207,CUST-0949,ORD-020714,2023-08-09 00:00:00,150.0
TKT-02208,CUST-0949,ORD-020720,2023-11-03 00:00:00,150.0
TKT-02209,CUST-0949,ORD-020723,2023-12-28 00:00:00,150.0
TKT-02210,CUST-0949,ORD-020734,2024-06-05 00:00:00,150.0
TKT-02211,CUST-0950,ORD-020737,2023-07-08 00:00:00,150.0
TKT-02212,CUST-0950,ORD-020741,2024-01-21 00:00:00,150.0
TKT-02213,CUST-0953,ORD-020763,2022-05-25 00:00:00,150.0
TKT-02214,CUST-0953,ORD-020769,2023-04-12 00:00:00,
TKT-02215,CUST-0955,ORD-020791,2023-01-29 00:00:00,150.0
TKT-02216,CUST-0955,ORD-020795,2023-09-06 00:00:00,150.0
TKT-02217,CUST-0955,ORD-020797,2024-02-22 00:00:00,150.0
TKT-02218,CUST-0956,ORD-020802,2023-05-24 00:00:00,150.0
TKT-02219,CUST-0957,ORD-020813,2023-05-29 00:00:00,150.0
TKT-02220,CUST-0958,ORD-020822,2022-08-03 00:00:00,150.0
TKT-02221,CUST-0959,ORD-020865,2024-01-06 00:00:00,400.0
TKT-02222,CUST-0959,ORD-020866,2024-03-09 00:00:00,150.0
TKT-02223,CUST-0961,ORD-020879,2022-12-06 00:00:00,400.0
TKT-02224,CUST-0963,ORD-020899,2023-02-21 00:00:00,150.0
TKT-02225,CUST-0963,ORD-020903,2023-04-11 00:00:00,150.0
TKT-02226,CUST-0963,ORD-020904,2023-04-25 00:00:00,150.0
TKT-02227,CUST-0963,ORD-020907,2023-05-25 00:00:00,400.0
TKT-02228,CUST-0963,ORD-020915,2023-08-17 00:00:00,400.0
TKT-02229,CUST-0963,ORD-020917,2023-09-06 00:00:00,150.0
TKT-02230,CUST-0963,ORD-020919,2023-09-28 00:00:00,150.0
TKT-02231,CUST-0963,ORD-020920,2023-10-09 00:00:00,400.0
TKT-02232,CUST-0963,ORD-020924,2023-11-24 00:00:00,150.0
TKT-02233,CUST-0963,ORD-020933,2024-02-28 00:00:00,150.0
TKT-02234,CUST-0963,ORD-020937,2024-04-08 00:00:00,150.0
TKT-02235,CUST-0965,ORD-020954,2022-03-22 00:00:00,150.0
TKT-02236,CUST-0965,ORD-020955,2022-04-04 00:00:00,150.0
TKT-02237,CUST-0965,ORD-020956,2022-04-19 00:00:00,150.0
TKT-02238,CUST-0965,ORD-020961,2022-06-17 00:00:00,150.0
TKT-02239,CUST-0965,ORD-020969,2022-09-18 00:00:00,150.0
TKT-02240,CUST-0965,ORD-020989,2023-06-15 00:00:00,150.0
TKT-02241,CUST-0966,ORD-021025,2023-10-20 00:00:00,
TKT-02242,CUST-0968,ORD-021043,2022-11-02 00:00:00,150.0
TKT-02243,CUST-0968,ORD-021045,2023-06-25 00:00:00,150.0
TKT-02244,CUST-0970,ORD-021066,2024-03-07 00:00:00,150.0
TKT-02245,CUST-0972,ORD-021093,2023-07-28 00:00:00,
TKT-02246,CUST-0973,ORD-021105,2022-12-31 00:00:00,400.0
TKT-02247,CUST-0973,ORD-021109,2023-05-08 00:00:00,150.0
TKT-02248,CUST-0973,ORD-021111,2023-07-08 00:00:00,400.0
TKT-02249,CUST-0973,ORD-021112,2023-08-22 00:00:00,150.0
TKT-02250,CUST-0973,ORD-021116,2024-01-01 00:00:00,150.0
TKT-02251,CUST-0975,ORD-021140,2022-10-21 00:00:00,150.0
TKT-02252,CUST-0977,ORD-021174,2023-10-04 00:00:00,150.0
TKT-02253,CUST-0977,ORD-021183,2024-03-23 00:00:00,400.0
TKT-02254,CUST-0977,ORD-021185,2024-04-27 00:00:00,150.0
TKT-02255,CUST-0979,ORD-021204,2022-09-18 00:00:00,150.0
TKT-02256,CUST-0979,ORD-021211,2022-11-01 00:00:00,400.0
TKT-02257,CUST-0979,ORD-021216,2022-12-11 00:00:00,150.0
TKT-02258,CUST-0979,ORD-021231,2023-03-22 00:00:00,150.0
TKT-02259,CUST-0979,ORD-021246,2023-06-19 00:00:00,400.0
TKT-02260,CUST-0979,ORD-021263,2023-10-13 00:00:00,150.0
TKT-02261,CUST-0979,ORD-021278,2024-01-14 00:00:00,150.0
TKT-02262,CUST-0979,ORD-021281,2024-02-03 00:00:00,400.0
TKT-02263,CUST-0979,ORD-021287,2024-03-14 00:00:00,400.0
TKT-02264,CUST-0979,ORD-021289,2024-03-26 00:00:00,150.0
TKT-02265,CUST-0981,ORD-021328,2022-04-16 00:00:00,150.0
TKT-02266,CUST-0981,ORD-021333,2022-07-14 00:00:00,150.0
TKT-02267,CUST-0981,ORD-021336,2022-09-12 00:00:00,150.0
TKT-02268,CUST-0981,ORD-021341,2022-12-06 00:00:00,150.0
TKT-02269,CUST-0981,ORD-021342,2022-12-22 00:00:00,150.0
TKT-02270,CUST-0981,ORD-021346,2023-03-01 00:00:00,150.0
TKT-02271,CUST-0981,ORD-021347,2023-03-22 00:00:00,400.0
TKT-02272,CUST-0981,ORD-021351,2023-06-04 00:00:00,150.0
TKT-02273,CUST-0981,ORD-021352,2023-06-26 00:00:00,150.0
TKT-02274,CUST-0981,ORD-021355,2023-08-19 00:00:00,400.0
TKT-02275,CUST-0981,ORD-021370,2024-05-15 00:00:00,150.0
TKT-02276,CUST-0982,ORD-021386,2023-07-04 00:00:00,400.0
TKT-02277,CUST-0982,ORD-021394,2024-03-02 00:00:00,150.0
TKT-02278,CUST-0986,ORD-021434,2022-10-04 00:00:00,150.0
TKT-02279,CUST-0986,ORD-021435,2023-02-14 00:00:00,150.0
TKT-02280,CUST-0987,ORD-021439,2023-09-09 00:00:00,150.0
TKT-02281,CUST-0988,ORD-021448,2022-02-17 00:00:00,150.0
TKT-02282,CUST-0988,ORD-021449,2022-03-27 00:00:00,150.0
TKT-02283,CUST-0988,ORD-021451,2022-05-30 00:00:00,150.0
TKT-02284,CUST-0988,ORD-021454,2022-10-25 00:00:00,150.0
TKT-02285,CUST-0988,ORD-021461,2023-07-29 00:00:00,150.0
TKT-02286,CUST-0988,ORD-021464,2023-12-22 00:00:00,150.0
TKT-02287,CUST-0989,ORD-021473,2023-08-22 00:00:00,150.0
TKT-02288,CUST-0990,ORD-021481,2022-02-10 00:00:00,150.0
TKT-02289,CUST-0990,ORD-021506,2023-08-15 00:00:00,
TKT-02290,CUST-0991,ORD-021527,2022-04-13 00:00:00,150.0
TKT-02291,CUST-0991,ORD-021529,2022-05-15 00:00:00,150.0
TKT-02292,CUST-0992,ORD-021545,2022-09-04 00:00:00,150.0
TKT-02293,CUST-0992,ORD-021546,2022-09-16 00:00:00,
TKT-02294,CUST-0992,ORD-021550,2022-10-25 00:00:00,150.0
TKT-02295,CUST-0992,ORD-021566,2023-03-29 00:00:00,150.0
TKT-02296,CUST-0992,ORD-021578,2023-07-30 00:00:00,150.0
TKT-02297,CUST-0992,ORD-021581,2023-09-05 00:00:00,400.0
TKT-02298,CUST-0992,ORD-021608,2024-06-18 00:00:00,150.0
TKT-02299,CUST-0993,ORD-021618,2023-08-26 00:00:00,150.0
TKT-02300,CUST-0993,ORD-021622,2023-12-04 00:00:00,150.0
TKT-02301,CUST-0993,ORD-021625,2024-02-03 00:00:00,150.0
TKT-02302,CUST-0993,ORD-021627,2024-04-03 00:00:00,150.0
TKT-02303,CUST-0994,ORD-021637,2023-07-13 00:00:00,400.0
TKT-02304,CUST-0995,ORD-021647,2023-09-12 00:00:00,150.0
TKT-02305,CUST-0995,ORD-021649,2023-11-09 00:00:00,400.0
TKT-02306,CUST-0997,ORD-021669,2023-02-19 00:00:00,400.0
TKT-02307,CUST-0997,ORD-021673,2023-05-23 00:00:00,150.0
TKT-02308,CUST-0997,ORD-021677,2023-08-29 00:00:00,400.0
TKT-02309,CUST-0998,ORD-021691,2023-05-30 00:00:00,400.0
TKT-02310,CUST-0998,ORD-021697,2023-08-28 00:00:00,150.0
TKT-02311,CUST-0998,ORD-021707,2024-01-03 00:00:00,150.0
TKT-02312,CUST-0998,ORD-021710,2024-02-15 00:00:00,150.0
TKT-02313,CUST-0998,ORD-021715,2024-04-28 00:00:00,150.0
TKT-02314,CUST-0998,ORD-021718,2024-06-12 00:00:00,150.0
TKT-02315,CUST-0999,ORD-021720,2022-08-30 00:00:00,150.0
TKT-02316,CUST-0999,ORD-021722,2022-10-19 00:00:00,150.0
TKT-02317,CUST-0999,ORD-021726,2023-03-11 00:00:00,150.0
TKT-02318,CUST-1000,ORD-021742,2023-03-20 00:00:00,150.0
TKT-02319,CUST-1000,ORD-021744,2023-04-02 00:00:00,400.0
TKT-02320,CUST-1000,ORD-021746,2023-04-13 00:00:00,400.0
TKT-02321,CUST-1000,ORD-021756,2023-06-18 00:00:00,150.0
TKT-02322,CUST-1000,ORD-021761,2023-07-24 00:00:00,150.0
TKT-02323,CUST-1000,ORD-021771,2023-10-01 00:00:00,400.0
TKT-02324,CUST-1000,ORD-021772,2023-10-06 00:00:00,150.0
TKT-02325,CUST-1000,ORD-021775,2023-10-30 00:00:00,150.0
TKT-02326,CUST-1000,ORD-021776,2023-11-04 00:00:00,150.0
TKT-02327,CUST-1000,ORD-021794,2024-03-08 00:00:00,150.0
TKT-02328,CUST-1000,ORD-021798,2024-04-02 00:00:00,150.0
TKT-02329,CUST-1000,ORD-021800,2024-04-12 00:00:00,150.0
TKT-02330,CUST-1000,ORD-021807,2024-05-26 00:00:00,150.0
TKT-02331,CUST-1000,ORD-021811,2024-06-21 00:00:00,400.0
